<?xml version="1.0" encoding="UTF-8"?>
<metadata xml:lang="en"><Esri><CreaDate>20170501</CreaDate><CreaTime>21574100</CreaTime><ArcGISFormat>1.0</ArcGISFormat><SyncOnce>FALSE</SyncOnce><DataProperties><itemProps><itemName Sync="TRUE">Batas_desa_karangasem_Dissol</itemName><imsContentType Sync="TRUE">002</imsContentType><itemSize Sync="TRUE">0.000</itemSize><itemLocation><linkage Sync="TRUE">file://\\MERRY-PC\C$\Users\merry\Documents\ArcGIS\Default.gdb</linkage><protocol Sync="TRUE">Local Area Network</protocol></itemLocation></itemProps><lineage><Process ToolSource="C:\Program Files (x86)\ArcGIS\Desktop10.0\ArcToolbox\Toolboxes\Data Management Tools.tbx\Merge" Date="20120112" Time="141948">Merge 'K:\Podes11\Podes\Peta 2010\KabKotPerDesa\11\1101desa.shp';'K:\Podes11\Podes\Peta 2010\KabKotPerDesa\11\1102desa.shp';'K:\Podes11\Podes\Peta 2010\KabKotPerDesa\11\1103desa.shp';'K:\Podes11\Podes\Peta 2010\KabKotPerDesa\11\1104desa.shp';'K:\Podes11\Podes\Peta 2010\KabKotPerDesa\11\1105desa.shp';'K:\Podes11\Podes\Peta 2010\KabKotPerDesa\11\1106desa.shp';'K:\Podes11\Podes\Peta 2010\KabKotPerDesa\11\1107desa.shp';'K:\Podes11\Podes\Peta 2010\KabKotPerDesa\11\1108desa.shp';'K:\Podes11\Podes\Peta 2010\KabKotPerDesa\11\1109desa.shp';'K:\Podes11\Podes\Peta 2010\KabKotPerDesa\11\1110desa.shp';'K:\Podes11\Podes\Peta 2010\KabKotPerDesa\11\1111desa.shp';'K:\Podes11\Podes\Peta 2010\KabKotPerDesa\11\1112desa.shp';'K:\Podes11\Podes\Peta 2010\KabKotPerDesa\11\1113desa.shp';'K:\Podes11\Podes\Peta 2010\KabKotPerDesa\11\1114desa.shp';'K:\Podes11\Podes\Peta 2010\KabKotPerDesa\11\1115desa.shp';'K:\Podes11\Podes\Peta 2010\KabKotPerDesa\11\1116desa.shp';'K:\Podes11\Podes\Peta 2010\KabKotPerDesa\11\1117desa.shp';'K:\Podes11\Podes\Peta 2010\KabKotPerDesa\11\1118desa.shp';'K:\Podes11\Podes\Peta 2010\KabKotPerDesa\11\1171desa.shp';'K:\Podes11\Podes\Peta 2010\KabKotPerDesa\11\1172desa.shp';'K:\Podes11\Podes\Peta 2010\KabKotPerDesa\11\1173desa.shp';'K:\Podes11\Podes\Peta 2010\KabKotPerDesa\11\1174desa.shp';'K:\Podes11\Podes\Peta 2010\KabKotPerDesa\11\1175desa.shp' "K:\Podes11\Podes\Peta 2010\KabKotPerDesa\11ACEH.shp" "PROVNO "PROVNO" true true false 2 Text 0 0 ,First,#,K:\Podes11\Podes\Peta 2010\KabKotPerDesa\11\1101desa.shp,PROVNO,-1,-1,K:\Podes11\Podes\Peta 2010\KabKotPerDesa\11\1102desa.shp,PROVNO,-1,-1,K:\Podes11\Podes\Peta 2010\KabKotPerDesa\11\1103desa.shp,PROVNO,-1,-1,K:\Podes11\Podes\Peta 2010\KabKotPerDesa\11\1104desa.shp,PROVNO,-1,-1,K:\Podes11\Podes\Peta 2010\KabKotPerDesa\11\1105desa.shp,PROVNO,-1,-1,K:\Podes11\Podes\Peta 2010\KabKotPerDesa\11\1106desa.shp,PROVNO,-1,-1,K:\Podes11\Podes\Peta 2010\KabKotPerDesa\11\1107desa.shp,PROVNO,-1,-1,K:\Podes11\Podes\Peta 2010\KabKotPerDesa\11\1108desa.shp,PROVNO,-1,-1,K:\Podes11\Podes\Peta 2010\KabKotPerDesa\11\1109desa.shp,PROVNO,-1,-1,K:\Podes11\Podes\Peta 2010\KabKotPerDesa\11\1110desa.shp,PROVNO,-1,-1,K:\Podes11\Podes\Peta 2010\KabKotPerDesa\11\1111desa.shp,PROVNO,-1,-1,K:\Podes11\Podes\Peta 2010\KabKotPerDesa\11\1112desa.shp,PROVNO,-1,-1,K:\Podes11\Podes\Peta 2010\KabKotPerDesa\11\1113desa.shp,PROVNO,-1,-1,K:\Podes11\Podes\Peta 2010\KabKotPerDesa\11\1114desa.shp,PROVNO,-1,-1,K:\Podes11\Podes\Peta 2010\KabKotPerDesa\11\1115desa.shp,PROVNO,-1,-1,K:\Podes11\Podes\Peta 2010\KabKotPerDesa\11\1116desa.shp,PROVNO,-1,-1,K:\Podes11\Podes\Peta 2010\KabKotPerDesa\11\1117desa.shp,PROVNO,-1,-1,K:\Podes11\Podes\Peta 2010\KabKotPerDesa\11\1118desa.shp,PROVNO,-1,-1,K:\Podes11\Podes\Peta 2010\KabKotPerDesa\11\1171desa.shp,PROVNO,-1,-1,K:\Podes11\Podes\Peta 2010\KabKotPerDesa\11\1172desa.shp,PROVNO,-1,-1,K:\Podes11\Podes\Peta 2010\KabKotPerDesa\11\1173desa.shp,PROVNO,-1,-1,K:\Podes11\Podes\Peta 2010\KabKotPerDesa\11\1174desa.shp,PROVNO,-1,-1,K:\Podes11\Podes\Peta 2010\KabKotPerDesa\11\1175desa.shp,PROVNO,-1,-1;KABKOTNO "KABKOTNO" true true false 2 Text 0 0 ,First,#,K:\Podes11\Podes\Peta 2010\KabKotPerDesa\11\1101desa.shp,KABKOTNO,-1,-1,K:\Podes11\Podes\Peta 2010\KabKotPerDesa\11\1102desa.shp,KABKOTNO,-1,-1,K:\Podes11\Podes\Peta 2010\KabKotPerDesa\11\1103desa.shp,KABKOTNO,-1,-1,K:\Podes11\Podes\Peta 2010\KabKotPerDesa\11\1104desa.shp,KABKOTNO,-1,-1,K:\Podes11\Podes\Peta 2010\KabKotPerDesa\11\1105desa.shp,KABKOTNO,-1,-1,K:\Podes11\Podes\Peta 2010\KabKotPerDesa\11\1106desa.shp,KABKOTNO,-1,-1,K:\Podes11\Podes\Peta 2010\KabKotPerDesa\11\1107desa.shp,KABKOTNO,-1,-1,K:\Podes11\Podes\Peta 2010\KabKotPerDesa\11\1108desa.shp,KABKOTNO,-1,-1,K:\Podes11\Podes\Peta 2010\KabKotPerDesa\11\1109desa.shp,KABKOTNO,-1,-1,K:\Podes11\Podes\Peta 2010\KabKotPerDesa\11\1110desa.shp,KABKOTNO,-1,-1,K:\Podes11\Podes\Peta 2010\KabKotPerDesa\11\1111desa.shp,KABKOTNO,-1,-1,K:\Podes11\Podes\Peta 2010\KabKotPerDesa\11\1112desa.shp,KABKOTNO,-1,-1,K:\Podes11\Podes\Peta 2010\KabKotPerDesa\11\1113desa.shp,KABKOTNO,-1,-1,K:\Podes11\Podes\Peta 2010\KabKotPerDesa\11\1114desa.shp,KABKOTNO,-1,-1,K:\Podes11\Podes\Peta 2010\KabKotPerDesa\11\1115desa.shp,KABKOTNO,-1,-1,K:\Podes11\Podes\Peta 2010\KabKotPerDesa\11\1116desa.shp,KABKOTNO,-1,-1,K:\Podes11\Podes\Peta 2010\KabKotPerDesa\11\1117desa.shp,KABKOTNO,-1,-1,K:\Podes11\Podes\Peta 2010\KabKotPerDesa\11\1118desa.shp,KABKOTNO,-1,-1,K:\Podes11\Podes\Peta 2010\KabKotPerDesa\11\1171desa.shp,KABKOTNO,-1,-1,K:\Podes11\Podes\Peta 2010\KabKotPerDesa\11\1172desa.shp,KABKOTNO,-1,-1,K:\Podes11\Podes\Peta 2010\KabKotPerDesa\11\1173desa.shp,KABKOTNO,-1,-1,K:\Podes11\Podes\Peta 2010\KabKotPerDesa\11\1174desa.shp,KABKOTNO,-1,-1,K:\Podes11\Podes\Peta 2010\KabKotPerDesa\11\1175desa.shp,KABKOTNO,-1,-1;KECNO "KECNO" true true false 3 Text 0 0 ,First,#,K:\Podes11\Podes\Peta 2010\KabKotPerDesa\11\1101desa.shp,KECNO,-1,-1,K:\Podes11\Podes\Peta 2010\KabKotPerDesa\11\1102desa.shp,KECNO,-1,-1,K:\Podes11\Podes\Peta 2010\KabKotPerDesa\11\1103desa.shp,KECNO,-1,-1,K:\Podes11\Podes\Peta 2010\KabKotPerDesa\11\1104desa.shp,KECNO,-1,-1,K:\Podes11\Podes\Peta 2010\KabKotPerDesa\11\1105desa.shp,KECNO,-1,-1,K:\Podes11\Podes\Peta 2010\KabKotPerDesa\11\1106desa.shp,KECNO,-1,-1,K:\Podes11\Podes\Peta 2010\KabKotPerDesa\11\1107desa.shp,KECNO,-1,-1,K:\Podes11\Podes\Peta 2010\KabKotPerDesa\11\1108desa.shp,KECNO,-1,-1,K:\Podes11\Podes\Peta 2010\KabKotPerDesa\11\1109desa.shp,KECNO,-1,-1,K:\Podes11\Podes\Peta 2010\KabKotPerDesa\11\1110desa.shp,KECNO,-1,-1,K:\Podes11\Podes\Peta 2010\KabKotPerDesa\11\1111desa.shp,KECNO,-1,-1,K:\Podes11\Podes\Peta 2010\KabKotPerDesa\11\1112desa.shp,KECNO,-1,-1,K:\Podes11\Podes\Peta 2010\KabKotPerDesa\11\1113desa.shp,KECNO,-1,-1,K:\Podes11\Podes\Peta 2010\KabKotPerDesa\11\1114desa.shp,KECNO,-1,-1,K:\Podes11\Podes\Peta 2010\KabKotPerDesa\11\1115desa.shp,KECNO,-1,-1,K:\Podes11\Podes\Peta 2010\KabKotPerDesa\11\1116desa.shp,KECNO,-1,-1,K:\Podes11\Podes\Peta 2010\KabKotPerDesa\11\1117desa.shp,KECNO,-1,-1,K:\Podes11\Podes\Peta 2010\KabKotPerDesa\11\1118desa.shp,KECNO,-1,-1,K:\Podes11\Podes\Peta 2010\KabKotPerDesa\11\1171desa.shp,KECNO,-1,-1,K:\Podes11\Podes\Peta 2010\KabKotPerDesa\11\1172desa.shp,KECNO,-1,-1,K:\Podes11\Podes\Peta 2010\KabKotPerDesa\11\1173desa.shp,KECNO,-1,-1,K:\Podes11\Podes\Peta 2010\KabKotPerDesa\11\1174desa.shp,KECNO,-1,-1,K:\Podes11\Podes\Peta 2010\KabKotPerDesa\11\1175desa.shp,KECNO,-1,-1;DESANO "DESANO" true true false 3 Text 0 0 ,First,#,K:\Podes11\Podes\Peta 2010\KabKotPerDesa\11\1101desa.shp,DESANO,-1,-1,K:\Podes11\Podes\Peta 2010\KabKotPerDesa\11\1102desa.shp,DESANO,-1,-1,K:\Podes11\Podes\Peta 2010\KabKotPerDesa\11\1103desa.shp,DESANO,-1,-1,K:\Podes11\Podes\Peta 2010\KabKotPerDesa\11\1104desa.shp,DESANO,-1,-1,K:\Podes11\Podes\Peta 2010\KabKotPerDesa\11\1105desa.shp,DESANO,-1,-1,K:\Podes11\Podes\Peta 2010\KabKotPerDesa\11\1106desa.shp,DESANO,-1,-1,K:\Podes11\Podes\Peta 2010\KabKotPerDesa\11\1107desa.shp,DESANO,-1,-1,K:\Podes11\Podes\Peta 2010\KabKotPerDesa\11\1108desa.shp,DESANO,-1,-1,K:\Podes11\Podes\Peta 2010\KabKotPerDesa\11\1109desa.shp,DESANO,-1,-1,K:\Podes11\Podes\Peta 2010\KabKotPerDesa\11\1110desa.shp,DESANO,-1,-1,K:\Podes11\Podes\Peta 2010\KabKotPerDesa\11\1111desa.shp,DESANO,-1,-1,K:\Podes11\Podes\Peta 2010\KabKotPerDesa\11\1112desa.shp,DESANO,-1,-1,K:\Podes11\Podes\Peta 2010\KabKotPerDesa\11\1113desa.shp,DESANO,-1,-1,K:\Podes11\Podes\Peta 2010\KabKotPerDesa\11\1114desa.shp,DESANO,-1,-1,K:\Podes11\Podes\Peta 2010\KabKotPerDesa\11\1115desa.shp,DESANO,-1,-1,K:\Podes11\Podes\Peta 2010\KabKotPerDesa\11\1116desa.shp,DESANO,-1,-1,K:\Podes11\Podes\Peta 2010\KabKotPerDesa\11\1117desa.shp,DESANO,-1,-1,K:\Podes11\Podes\Peta 2010\KabKotPerDesa\11\1118desa.shp,DESANO,-1,-1,K:\Podes11\Podes\Peta 2010\KabKotPerDesa\11\1171desa.shp,DESANO,-1,-1,K:\Podes11\Podes\Peta 2010\KabKotPerDesa\11\1172desa.shp,DESANO,-1,-1,K:\Podes11\Podes\Peta 2010\KabKotPerDesa\11\1173desa.shp,DESANO,-1,-1,K:\Podes11\Podes\Peta 2010\KabKotPerDesa\11\1174desa.shp,DESANO,-1,-1,K:\Podes11\Podes\Peta 2010\KabKotPerDesa\11\1175desa.shp,DESANO,-1,-1;KODE2010 "KODE2010" true true false 10 Text 0 0 ,First,#,K:\Podes11\Podes\Peta 2010\KabKotPerDesa\11\1101desa.shp,KODE2010,-1,-1,K:\Podes11\Podes\Peta 2010\KabKotPerDesa\11\1102desa.shp,KODE2010,-1,-1,K:\Podes11\Podes\Peta 2010\KabKotPerDesa\11\1103desa.shp,KODE2010,-1,-1,K:\Podes11\Podes\Peta 2010\KabKotPerDesa\11\1104desa.shp,KODE2010,-1,-1,K:\Podes11\Podes\Peta 2010\KabKotPerDesa\11\1105desa.shp,KODE2010,-1,-1,K:\Podes11\Podes\Peta 2010\KabKotPerDesa\11\1106desa.shp,KODE2010,-1,-1,K:\Podes11\Podes\Peta 2010\KabKotPerDesa\11\1107desa.shp,KODE2010,-1,-1,K:\Podes11\Podes\Peta 2010\KabKotPerDesa\11\1108desa.shp,KODE2010,-1,-1,K:\Podes11\Podes\Peta 2010\KabKotPerDesa\11\1109desa.shp,KODE2010,-1,-1,K:\Podes11\Podes\Peta 2010\KabKotPerDesa\11\1110desa.shp,KODE2010,-1,-1,K:\Podes11\Podes\Peta 2010\KabKotPerDesa\11\1111desa.shp,KODE2010,-1,-1,K:\Podes11\Podes\Peta 2010\KabKotPerDesa\11\1112desa.shp,KODE2010,-1,-1,K:\Podes11\Podes\Peta 2010\KabKotPerDesa\11\1113desa.shp,KODE2010,-1,-1,K:\Podes11\Podes\Peta 2010\KabKotPerDesa\11\1114desa.shp,KODE2010,-1,-1,K:\Podes11\Podes\Peta 2010\KabKotPerDesa\11\1115desa.shp,KODE2010,-1,-1,K:\Podes11\Podes\Peta 2010\KabKotPerDesa\11\1116desa.shp,KODE2010,-1,-1,K:\Podes11\Podes\Peta 2010\KabKotPerDesa\11\1117desa.shp,KODE2010,-1,-1,K:\Podes11\Podes\Peta 2010\KabKotPerDesa\11\1118desa.shp,KODE2010,-1,-1,K:\Podes11\Podes\Peta 2010\KabKotPerDesa\11\1171desa.shp,KODE2010,-1,-1,K:\Podes11\Podes\Peta 2010\KabKotPerDesa\11\1172desa.shp,KODE2010,-1,-1,K:\Podes11\Podes\Peta 2010\KabKotPerDesa\11\1173desa.shp,KODE2010,-1,-1,K:\Podes11\Podes\Peta 2010\KabKotPerDesa\11\1174desa.shp,KODE2010,-1,-1,K:\Podes11\Podes\Peta 2010\KabKotPerDesa\11\1175desa.shp,KODE2010,-1,-1;PROVINSI "PROVINSI" true true false 40 Text 0 0 ,First,#,K:\Podes11\Podes\Peta 2010\KabKotPerDesa\11\1101desa.shp,PROVINSI,-1,-1,K:\Podes11\Podes\Peta 2010\KabKotPerDesa\11\1102desa.shp,PROVINSI,-1,-1,K:\Podes11\Podes\Peta 2010\KabKotPerDesa\11\1103desa.shp,PROVINSI,-1,-1,K:\Podes11\Podes\Peta 2010\KabKotPerDesa\11\1104desa.shp,PROVINSI,-1,-1,K:\Podes11\Podes\Peta 2010\KabKotPerDesa\11\1105desa.shp,PROVINSI,-1,-1,K:\Podes11\Podes\Peta 2010\KabKotPerDesa\11\1106desa.shp,PROVINSI,-1,-1,K:\Podes11\Podes\Peta 2010\KabKotPerDesa\11\1107desa.shp,PROVINSI,-1,-1,K:\Podes11\Podes\Peta 2010\KabKotPerDesa\11\1108desa.shp,PROVINSI,-1,-1,K:\Podes11\Podes\Peta 2010\KabKotPerDesa\11\1109desa.shp,PROVINSI,-1,-1,K:\Podes11\Podes\Peta 2010\KabKotPerDesa\11\1110desa.shp,PROVINSI,-1,-1,K:\Podes11\Podes\Peta 2010\KabKotPerDesa\11\1111desa.shp,PROVINSI,-1,-1,K:\Podes11\Podes\Peta 2010\KabKotPerDesa\11\1112desa.shp,PROVINSI,-1,-1,K:\Podes11\Podes\Peta 2010\KabKotPerDesa\11\1113desa.shp,PROVINSI,-1,-1,K:\Podes11\Podes\Peta 2010\KabKotPerDesa\11\1114desa.shp,PROVINSI,-1,-1,K:\Podes11\Podes\Peta 2010\KabKotPerDesa\11\1115desa.shp,PROVINSI,-1,-1,K:\Podes11\Podes\Peta 2010\KabKotPerDesa\11\1116desa.shp,PROVINSI,-1,-1,K:\Podes11\Podes\Peta 2010\KabKotPerDesa\11\1117desa.shp,PROVINSI,-1,-1,K:\Podes11\Podes\Peta 2010\KabKotPerDesa\11\1118desa.shp,PROVINSI,-1,-1,K:\Podes11\Podes\Peta 2010\KabKotPerDesa\11\1171desa.shp,PROVINSI,-1,-1,K:\Podes11\Podes\Peta 2010\KabKotPerDesa\11\1172desa.shp,PROVINSI,-1,-1,K:\Podes11\Podes\Peta 2010\KabKotPerDesa\11\1173desa.shp,PROVINSI,-1,-1,K:\Podes11\Podes\Peta 2010\KabKotPerDesa\11\1174desa.shp,PROVINSI,-1,-1,K:\Podes11\Podes\Peta 2010\KabKotPerDesa\11\1175desa.shp,PROVINSI,-1,-1;KABKOT "KABKOT" true true false 40 Text 0 0 ,First,#,K:\Podes11\Podes\Peta 2010\KabKotPerDesa\11\1101desa.shp,KABKOT,-1,-1,K:\Podes11\Podes\Peta 2010\KabKotPerDesa\11\1102desa.shp,KABKOT,-1,-1,K:\Podes11\Podes\Peta 2010\KabKotPerDesa\11\1103desa.shp,KABKOT,-1,-1,K:\Podes11\Podes\Peta 2010\KabKotPerDesa\11\1104desa.shp,KABKOT,-1,-1,K:\Podes11\Podes\Peta 2010\KabKotPerDesa\11\1105desa.shp,KABKOT,-1,-1,K:\Podes11\Podes\Peta 2010\KabKotPerDesa\11\1106desa.shp,KABKOT,-1,-1,K:\Podes11\Podes\Peta 2010\KabKotPerDesa\11\1107desa.shp,KABKOT,-1,-1,K:\Podes11\Podes\Peta 2010\KabKotPerDesa\11\1108desa.shp,KABKOT,-1,-1,K:\Podes11\Podes\Peta 2010\KabKotPerDesa\11\1109desa.shp,KABKOT,-1,-1,K:\Podes11\Podes\Peta 2010\KabKotPerDesa\11\1110desa.shp,KABKOT,-1,-1,K:\Podes11\Podes\Peta 2010\KabKotPerDesa\11\1111desa.shp,KABKOT,-1,-1,K:\Podes11\Podes\Peta 2010\KabKotPerDesa\11\1112desa.shp,KABKOT,-1,-1,K:\Podes11\Podes\Peta 2010\KabKotPerDesa\11\1113desa.shp,KABKOT,-1,-1,K:\Podes11\Podes\Peta 2010\KabKotPerDesa\11\1114desa.shp,KABKOT,-1,-1,K:\Podes11\Podes\Peta 2010\KabKotPerDesa\11\1115desa.shp,KABKOT,-1,-1,K:\Podes11\Podes\Peta 2010\KabKotPerDesa\11\1116desa.shp,KABKOT,-1,-1,K:\Podes11\Podes\Peta 2010\KabKotPerDesa\11\1117desa.shp,KABKOT,-1,-1,K:\Podes11\Podes\Peta 2010\KabKotPerDesa\11\1118desa.shp,KABKOT,-1,-1,K:\Podes11\Podes\Peta 2010\KabKotPerDesa\11\1171desa.shp,KABKOT,-1,-1,K:\Podes11\Podes\Peta 2010\KabKotPerDesa\11\1172desa.shp,KABKOT,-1,-1,K:\Podes11\Podes\Peta 2010\KabKotPerDesa\11\1173desa.shp,KABKOT,-1,-1,K:\Podes11\Podes\Peta 2010\KabKotPerDesa\11\1174desa.shp,KABKOT,-1,-1,K:\Podes11\Podes\Peta 2010\KabKotPerDesa\11\1175desa.shp,KABKOT,-1,-1;KECAMATAN "KECAMATAN" true true false 40 Text 0 0 ,First,#,K:\Podes11\Podes\Peta 2010\KabKotPerDesa\11\1101desa.shp,KECAMATAN,-1,-1,K:\Podes11\Podes\Peta 2010\KabKotPerDesa\11\1102desa.shp,KECAMATAN,-1,-1,K:\Podes11\Podes\Peta 2010\KabKotPerDesa\11\1103desa.shp,KECAMATAN,-1,-1,K:\Podes11\Podes\Peta 2010\KabKotPerDesa\11\1104desa.shp,KECAMATAN,-1,-1,K:\Podes11\Podes\Peta 2010\KabKotPerDesa\11\1105desa.shp,KECAMATAN,-1,-1,K:\Podes11\Podes\Peta 2010\KabKotPerDesa\11\1106desa.shp,KECAMATAN,-1,-1,K:\Podes11\Podes\Peta 2010\KabKotPerDesa\11\1107desa.shp,KECAMATAN,-1,-1,K:\Podes11\Podes\Peta 2010\KabKotPerDesa\11\1108desa.shp,KECAMATAN,-1,-1,K:\Podes11\Podes\Peta 2010\KabKotPerDesa\11\1109desa.shp,KECAMATAN,-1,-1,K:\Podes11\Podes\Peta 2010\KabKotPerDesa\11\1110desa.shp,KECAMATAN,-1,-1,K:\Podes11\Podes\Peta 2010\KabKotPerDesa\11\1111desa.shp,KECAMATAN,-1,-1,K:\Podes11\Podes\Peta 2010\KabKotPerDesa\11\1112desa.shp,KECAMATAN,-1,-1,K:\Podes11\Podes\Peta 2010\KabKotPerDesa\11\1113desa.shp,KECAMATAN,-1,-1,K:\Podes11\Podes\Peta 2010\KabKotPerDesa\11\1114desa.shp,KECAMATAN,-1,-1,K:\Podes11\Podes\Peta 2010\KabKotPerDesa\11\1115desa.shp,KECAMATAN,-1,-1,K:\Podes11\Podes\Peta 2010\KabKotPerDesa\11\1116desa.shp,KECAMATAN,-1,-1,K:\Podes11\Podes\Peta 2010\KabKotPerDesa\11\1117desa.shp,KECAMATAN,-1,-1,K:\Podes11\Podes\Peta 2010\KabKotPerDesa\11\1118desa.shp,KECAMATAN,-1,-1,K:\Podes11\Podes\Peta 2010\KabKotPerDesa\11\1171desa.shp,KECAMATAN,-1,-1,K:\Podes11\Podes\Peta 2010\KabKotPerDesa\11\1172desa.shp,KECAMATAN,-1,-1,K:\Podes11\Podes\Peta 2010\KabKotPerDesa\11\1173desa.shp,KECAMATAN,-1,-1,K:\Podes11\Podes\Peta 2010\KabKotPerDesa\11\1174desa.shp,KECAMATAN,-1,-1,K:\Podes11\Podes\Peta 2010\KabKotPerDesa\11\1175desa.shp,KECAMATAN,-1,-1;DESA "DESA" true true false 40 Text 0 0 ,First,#,K:\Podes11\Podes\Peta 2010\KabKotPerDesa\11\1101desa.shp,DESA,-1,-1,K:\Podes11\Podes\Peta 2010\KabKotPerDesa\11\1102desa.shp,DESA,-1,-1,K:\Podes11\Podes\Peta 2010\KabKotPerDesa\11\1103desa.shp,DESA,-1,-1,K:\Podes11\Podes\Peta 2010\KabKotPerDesa\11\1104desa.shp,DESA,-1,-1,K:\Podes11\Podes\Peta 2010\KabKotPerDesa\11\1105desa.shp,DESA,-1,-1,K:\Podes11\Podes\Peta 2010\KabKotPerDesa\11\1106desa.shp,DESA,-1,-1,K:\Podes11\Podes\Peta 2010\KabKotPerDesa\11\1107desa.shp,DESA,-1,-1,K:\Podes11\Podes\Peta 2010\KabKotPerDesa\11\1108desa.shp,DESA,-1,-1,K:\Podes11\Podes\Peta 2010\KabKotPerDesa\11\1109desa.shp,DESA,-1,-1,K:\Podes11\Podes\Peta 2010\KabKotPerDesa\11\1110desa.shp,DESA,-1,-1,K:\Podes11\Podes\Peta 2010\KabKotPerDesa\11\1111desa.shp,DESA,-1,-1,K:\Podes11\Podes\Peta 2010\KabKotPerDesa\11\1112desa.shp,DESA,-1,-1,K:\Podes11\Podes\Peta 2010\KabKotPerDesa\11\1113desa.shp,DESA,-1,-1,K:\Podes11\Podes\Peta 2010\KabKotPerDesa\11\1114desa.shp,DESA,-1,-1,K:\Podes11\Podes\Peta 2010\KabKotPerDesa\11\1115desa.shp,DESA,-1,-1,K:\Podes11\Podes\Peta 2010\KabKotPerDesa\11\1116desa.shp,DESA,-1,-1,K:\Podes11\Podes\Peta 2010\KabKotPerDesa\11\1117desa.shp,DESA,-1,-1,K:\Podes11\Podes\Peta 2010\KabKotPerDesa\11\1118desa.shp,DESA,-1,-1,K:\Podes11\Podes\Peta 2010\KabKotPerDesa\11\1171desa.shp,DESA,-1,-1,K:\Podes11\Podes\Peta 2010\KabKotPerDesa\11\1172desa.shp,DESA,-1,-1,K:\Podes11\Podes\Peta 2010\KabKotPerDesa\11\1173desa.shp,DESA,-1,-1,K:\Podes11\Podes\Peta 2010\KabKotPerDesa\11\1174desa.shp,DESA,-1,-1,K:\Podes11\Podes\Peta 2010\KabKotPerDesa\11\1175desa.shp,DESA,-1,-1"</Process><Process ToolSource="C:\Program Files (x86)\ArcGIS\Desktop10.0\ArcToolbox\Toolboxes\Data Management Tools.tbx\Merge" Date="20120112" Time="145947">Merge 'K:\Podes11\Podes\Peta 2010\KabKotPerDesa\MERGE\11ACEH.shp';'K:\Podes11\Podes\Peta 2010\KabKotPerDesa\MERGE\12SUMUT.shp';'K:\Podes11\Podes\Peta 2010\KabKotPerDesa\MERGE\13SUMBAR.shp';'K:\Podes11\Podes\Peta 2010\KabKotPerDesa\MERGE\14RIAU.shp';'K:\Podes11\Podes\Peta 2010\KabKotPerDesa\MERGE\15JAMBI.shp';'K:\Podes11\Podes\Peta 2010\KabKotPerDesa\MERGE\16SUMSEL.shp';'K:\Podes11\Podes\Peta 2010\KabKotPerDesa\MERGE\17BENGKULU.shp';'K:\Podes11\Podes\Peta 2010\KabKotPerDesa\MERGE\18LAMPUNG.shp';'K:\Podes11\Podes\Peta 2010\KabKotPerDesa\MERGE\19BABEL.shp';'K:\Podes11\Podes\Peta 2010\KabKotPerDesa\MERGE\21KEPRI.shp';'K:\Podes11\Podes\Peta 2010\KabKotPerDesa\MERGE\31DKI.shp';'K:\Podes11\Podes\Peta 2010\KabKotPerDesa\MERGE\32JABAR.shp';'K:\Podes11\Podes\Peta 2010\KabKotPerDesa\MERGE\33JATENG.shp';'K:\Podes11\Podes\Peta 2010\KabKotPerDesa\MERGE\34DIY.shp';'K:\Podes11\Podes\Peta 2010\KabKotPerDesa\MERGE\35JATIM.shp';'K:\Podes11\Podes\Peta 2010\KabKotPerDesa\MERGE\36BANTEN.shp';'K:\Podes11\Podes\Peta 2010\KabKotPerDesa\MERGE\51BALI.shp';'K:\Podes11\Podes\Peta 2010\KabKotPerDesa\MERGE\52NTB.shp';'K:\Podes11\Podes\Peta 2010\KabKotPerDesa\MERGE\53NTT.shp';'K:\Podes11\Podes\Peta 2010\KabKotPerDesa\MERGE\61KALBAR.shp';'K:\Podes11\Podes\Peta 2010\KabKotPerDesa\MERGE\62KALTENG.shp';'K:\Podes11\Podes\Peta 2010\KabKotPerDesa\MERGE\63KALSEL.shp';'K:\Podes11\Podes\Peta 2010\KabKotPerDesa\MERGE\64KALTIM.shp';'K:\Podes11\Podes\Peta 2010\KabKotPerDesa\MERGE\71SULUT.shp';'K:\Podes11\Podes\Peta 2010\KabKotPerDesa\MERGE\72SULTENG.shp';'K:\Podes11\Podes\Peta 2010\KabKotPerDesa\MERGE\73SULSEL.shp';'K:\Podes11\Podes\Peta 2010\KabKotPerDesa\MERGE\74SULTENG.shp';'K:\Podes11\Podes\Peta 2010\KabKotPerDesa\MERGE\75GORO.shp';'K:\Podes11\Podes\Peta 2010\KabKotPerDesa\MERGE\76SULBAR.shp';'K:\Podes11\Podes\Peta 2010\KabKotPerDesa\MERGE\81MALUKU.shp';'K:\Podes11\Podes\Peta 2010\KabKotPerDesa\MERGE\82MALUT.shp';'K:\Podes11\Podes\Peta 2010\KabKotPerDesa\MERGE\91PAPBAR.shp';'K:\Podes11\Podes\Peta 2010\KabKotPerDesa\MERGE\92PAPUA.shp' "K:\Podes11\Podes\Peta 2010\KabKotPerDesa\MERGE\INDO_KABKOTKECDES.shp" "PROVNO "PROVNO" true true false 2 Text 0 0 ,First,#,K:\Podes11\Podes\Peta 2010\KabKotPerDesa\MERGE\11ACEH.shp,PROVNO,-1,-1,K:\Podes11\Podes\Peta 2010\KabKotPerDesa\MERGE\13SUMBAR.shp,PROVNO,-1,-1,K:\Podes11\Podes\Peta 2010\KabKotPerDesa\MERGE\14RIAU.shp,PROVNO,-1,-1,K:\Podes11\Podes\Peta 2010\KabKotPerDesa\MERGE\15JAMBI.shp,PROVNO,-1,-1,K:\Podes11\Podes\Peta 2010\KabKotPerDesa\MERGE\16SUMSEL.shp,PROVNO,-1,-1,K:\Podes11\Podes\Peta 2010\KabKotPerDesa\MERGE\17BENGKULU.shp,PROVNO,-1,-1,K:\Podes11\Podes\Peta 2010\KabKotPerDesa\MERGE\18LAMPUNG.shp,PROVNO,-1,-1,K:\Podes11\Podes\Peta 2010\KabKotPerDesa\MERGE\19BABEL.shp,PROVNO,-1,-1,K:\Podes11\Podes\Peta 2010\KabKotPerDesa\MERGE\21KEPRI.shp,PROVNO,-1,-1,K:\Podes11\Podes\Peta 2010\KabKotPerDesa\MERGE\31DKI.shp,PROVNO,-1,-1,K:\Podes11\Podes\Peta 2010\KabKotPerDesa\MERGE\32JABAR.shp,PROVNO,-1,-1,K:\Podes11\Podes\Peta 2010\KabKotPerDesa\MERGE\33JATENG.shp,PROVNO,-1,-1,K:\Podes11\Podes\Peta 2010\KabKotPerDesa\MERGE\34DIY.shp,PROVNO,-1,-1,K:\Podes11\Podes\Peta 2010\KabKotPerDesa\MERGE\35JATIM.shp,PROVNO,-1,-1,K:\Podes11\Podes\Peta 2010\KabKotPerDesa\MERGE\36BANTEN.shp,PROVNO,-1,-1,K:\Podes11\Podes\Peta 2010\KabKotPerDesa\MERGE\51BALI.shp,PROVNO,-1,-1,K:\Podes11\Podes\Peta 2010\KabKotPerDesa\MERGE\52NTB.shp,PROVNO,-1,-1,K:\Podes11\Podes\Peta 2010\KabKotPerDesa\MERGE\53NTT.shp,PROVNO,-1,-1,K:\Podes11\Podes\Peta 2010\KabKotPerDesa\MERGE\61KALBAR.shp,PROVNO,-1,-1,K:\Podes11\Podes\Peta 2010\KabKotPerDesa\MERGE\62KALTENG.shp,PROVNO,-1,-1,K:\Podes11\Podes\Peta 2010\KabKotPerDesa\MERGE\63KALSEL.shp,PROVNO,-1,-1,K:\Podes11\Podes\Peta 2010\KabKotPerDesa\MERGE\64KALTIM.shp,PROVNO,-1,-1,K:\Podes11\Podes\Peta 2010\KabKotPerDesa\MERGE\71SULUT.shp,PROVNO,-1,-1,K:\Podes11\Podes\Peta 2010\KabKotPerDesa\MERGE\72SULTENG.shp,PROVNO,-1,-1,K:\Podes11\Podes\Peta 2010\KabKotPerDesa\MERGE\73SULSEL.shp,PROVNO,-1,-1,K:\Podes11\Podes\Peta 2010\KabKotPerDesa\MERGE\74SULTENG.shp,PROVNO,-1,-1,K:\Podes11\Podes\Peta 2010\KabKotPerDesa\MERGE\75GORO.shp,PROVNO,-1,-1,K:\Podes11\Podes\Peta 2010\KabKotPerDesa\MERGE\76SULBAR.shp,PROVNO,-1,-1,K:\Podes11\Podes\Peta 2010\KabKotPerDesa\MERGE\81MALUKU.shp,PROVNO,-1,-1,K:\Podes11\Podes\Peta 2010\KabKotPerDesa\MERGE\82MALUT.shp,PROVNO,-1,-1,K:\Podes11\Podes\Peta 2010\KabKotPerDesa\MERGE\91PAPBAR.shp,PROVNO,-1,-1,K:\Podes11\Podes\Peta 2010\KabKotPerDesa\MERGE\92PAPUA.shp,PROVNO,-1,-1;KABKOTNO "KABKOTNO" true true false 2 Text 0 0 ,First,#,K:\Podes11\Podes\Peta 2010\KabKotPerDesa\MERGE\11ACEH.shp,KABKOTNO,-1,-1,K:\Podes11\Podes\Peta 2010\KabKotPerDesa\MERGE\13SUMBAR.shp,KABKOTNO,-1,-1,K:\Podes11\Podes\Peta 2010\KabKotPerDesa\MERGE\14RIAU.shp,KABKOTNO,-1,-1,K:\Podes11\Podes\Peta 2010\KabKotPerDesa\MERGE\15JAMBI.shp,KABKOTNO,-1,-1,K:\Podes11\Podes\Peta 2010\KabKotPerDesa\MERGE\16SUMSEL.shp,KABKOTNO,-1,-1,K:\Podes11\Podes\Peta 2010\KabKotPerDesa\MERGE\17BENGKULU.shp,KABKOTNO,-1,-1,K:\Podes11\Podes\Peta 2010\KabKotPerDesa\MERGE\18LAMPUNG.shp,KABKOTNO,-1,-1,K:\Podes11\Podes\Peta 2010\KabKotPerDesa\MERGE\19BABEL.shp,KABKOTNO,-1,-1,K:\Podes11\Podes\Peta 2010\KabKotPerDesa\MERGE\21KEPRI.shp,KABKOTNO,-1,-1,K:\Podes11\Podes\Peta 2010\KabKotPerDesa\MERGE\31DKI.shp,KABKOTNO,-1,-1,K:\Podes11\Podes\Peta 2010\KabKotPerDesa\MERGE\32JABAR.shp,KABKOTNO,-1,-1,K:\Podes11\Podes\Peta 2010\KabKotPerDesa\MERGE\33JATENG.shp,KABKOTNO,-1,-1,K:\Podes11\Podes\Peta 2010\KabKotPerDesa\MERGE\34DIY.shp,KABKOTNO,-1,-1,K:\Podes11\Podes\Peta 2010\KabKotPerDesa\MERGE\35JATIM.shp,KABKOTNO,-1,-1,K:\Podes11\Podes\Peta 2010\KabKotPerDesa\MERGE\36BANTEN.shp,KABKOTNO,-1,-1,K:\Podes11\Podes\Peta 2010\KabKotPerDesa\MERGE\51BALI.shp,KABKOTNO,-1,-1,K:\Podes11\Podes\Peta 2010\KabKotPerDesa\MERGE\52NTB.shp,KABKOTNO,-1,-1,K:\Podes11\Podes\Peta 2010\KabKotPerDesa\MERGE\53NTT.shp,KABKOTNO,-1,-1,K:\Podes11\Podes\Peta 2010\KabKotPerDesa\MERGE\61KALBAR.shp,KABKOTNO,-1,-1,K:\Podes11\Podes\Peta 2010\KabKotPerDesa\MERGE\62KALTENG.shp,KABKOTNO,-1,-1,K:\Podes11\Podes\Peta 2010\KabKotPerDesa\MERGE\63KALSEL.shp,KABKOTNO,-1,-1,K:\Podes11\Podes\Peta 2010\KabKotPerDesa\MERGE\64KALTIM.shp,KABKOTNO,-1,-1,K:\Podes11\Podes\Peta 2010\KabKotPerDesa\MERGE\71SULUT.shp,KABKOTNO,-1,-1,K:\Podes11\Podes\Peta 2010\KabKotPerDesa\MERGE\72SULTENG.shp,KABKOTNO,-1,-1,K:\Podes11\Podes\Peta 2010\KabKotPerDesa\MERGE\73SULSEL.shp,KABKOTNO,-1,-1,K:\Podes11\Podes\Peta 2010\KabKotPerDesa\MERGE\74SULTENG.shp,KABKOTNO,-1,-1,K:\Podes11\Podes\Peta 2010\KabKotPerDesa\MERGE\75GORO.shp,KABKOTNO,-1,-1,K:\Podes11\Podes\Peta 2010\KabKotPerDesa\MERGE\76SULBAR.shp,KABKOTNO,-1,-1,K:\Podes11\Podes\Peta 2010\KabKotPerDesa\MERGE\81MALUKU.shp,KABKOTNO,-1,-1,K:\Podes11\Podes\Peta 2010\KabKotPerDesa\MERGE\82MALUT.shp,KABKOTNO,-1,-1,K:\Podes11\Podes\Peta 2010\KabKotPerDesa\MERGE\91PAPBAR.shp,KABKOTNO,-1,-1,K:\Podes11\Podes\Peta 2010\KabKotPerDesa\MERGE\92PAPUA.shp,KABKOTNO,-1,-1;KECNO "KECNO" true true false 3 Text 0 0 ,First,#,K:\Podes11\Podes\Peta 2010\KabKotPerDesa\MERGE\11ACEH.shp,KECNO,-1,-1,K:\Podes11\Podes\Peta 2010\KabKotPerDesa\MERGE\13SUMBAR.shp,KECNO,-1,-1,K:\Podes11\Podes\Peta 2010\KabKotPerDesa\MERGE\14RIAU.shp,KECNO,-1,-1,K:\Podes11\Podes\Peta 2010\KabKotPerDesa\MERGE\15JAMBI.shp,KECNO,-1,-1,K:\Podes11\Podes\Peta 2010\KabKotPerDesa\MERGE\16SUMSEL.shp,KECNO,-1,-1,K:\Podes11\Podes\Peta 2010\KabKotPerDesa\MERGE\17BENGKULU.shp,KECNO,-1,-1,K:\Podes11\Podes\Peta 2010\KabKotPerDesa\MERGE\18LAMPUNG.shp,KECNO,-1,-1,K:\Podes11\Podes\Peta 2010\KabKotPerDesa\MERGE\19BABEL.shp,KECNO,-1,-1,K:\Podes11\Podes\Peta 2010\KabKotPerDesa\MERGE\21KEPRI.shp,KECNO,-1,-1,K:\Podes11\Podes\Peta 2010\KabKotPerDesa\MERGE\31DKI.shp,KECNO,-1,-1,K:\Podes11\Podes\Peta 2010\KabKotPerDesa\MERGE\32JABAR.shp,KECNO,-1,-1,K:\Podes11\Podes\Peta 2010\KabKotPerDesa\MERGE\33JATENG.shp,KECNO,-1,-1,K:\Podes11\Podes\Peta 2010\KabKotPerDesa\MERGE\34DIY.shp,KECNO,-1,-1,K:\Podes11\Podes\Peta 2010\KabKotPerDesa\MERGE\35JATIM.shp,KECNO,-1,-1,K:\Podes11\Podes\Peta 2010\KabKotPerDesa\MERGE\36BANTEN.shp,KECNO,-1,-1,K:\Podes11\Podes\Peta 2010\KabKotPerDesa\MERGE\51BALI.shp,KECNO,-1,-1,K:\Podes11\Podes\Peta 2010\KabKotPerDesa\MERGE\52NTB.shp,KECNO,-1,-1,K:\Podes11\Podes\Peta 2010\KabKotPerDesa\MERGE\53NTT.shp,KECNO,-1,-1,K:\Podes11\Podes\Peta 2010\KabKotPerDesa\MERGE\61KALBAR.shp,KECNO,-1,-1,K:\Podes11\Podes\Peta 2010\KabKotPerDesa\MERGE\62KALTENG.shp,KECNO,-1,-1,K:\Podes11\Podes\Peta 2010\KabKotPerDesa\MERGE\63KALSEL.shp,KECNO,-1,-1,K:\Podes11\Podes\Peta 2010\KabKotPerDesa\MERGE\64KALTIM.shp,KECNO,-1,-1,K:\Podes11\Podes\Peta 2010\KabKotPerDesa\MERGE\71SULUT.shp,KECNO,-1,-1,K:\Podes11\Podes\Peta 2010\KabKotPerDesa\MERGE\72SULTENG.shp,KECNO,-1,-1,K:\Podes11\Podes\Peta 2010\KabKotPerDesa\MERGE\73SULSEL.shp,KECNO,-1,-1,K:\Podes11\Podes\Peta 2010\KabKotPerDesa\MERGE\74SULTENG.shp,KECNO,-1,-1,K:\Podes11\Podes\Peta 2010\KabKotPerDesa\MERGE\75GORO.shp,KECNO,-1,-1,K:\Podes11\Podes\Peta 2010\KabKotPerDesa\MERGE\76SULBAR.shp,KECNO,-1,-1,K:\Podes11\Podes\Peta 2010\KabKotPerDesa\MERGE\81MALUKU.shp,KECNO,-1,-1,K:\Podes11\Podes\Peta 2010\KabKotPerDesa\MERGE\82MALUT.shp,KECNO,-1,-1,K:\Podes11\Podes\Peta 2010\KabKotPerDesa\MERGE\91PAPBAR.shp,KECNO,-1,-1,K:\Podes11\Podes\Peta 2010\KabKotPerDesa\MERGE\92PAPUA.shp,KECNO,-1,-1;DESANO "DESANO" true true false 3 Text 0 0 ,First,#,K:\Podes11\Podes\Peta 2010\KabKotPerDesa\MERGE\11ACEH.shp,DESANO,-1,-1,K:\Podes11\Podes\Peta 2010\KabKotPerDesa\MERGE\13SUMBAR.shp,DESANO,-1,-1,K:\Podes11\Podes\Peta 2010\KabKotPerDesa\MERGE\14RIAU.shp,DESANO,-1,-1,K:\Podes11\Podes\Peta 2010\KabKotPerDesa\MERGE\15JAMBI.shp,DESANO,-1,-1,K:\Podes11\Podes\Peta 2010\KabKotPerDesa\MERGE\16SUMSEL.shp,DESANO,-1,-1,K:\Podes11\Podes\Peta 2010\KabKotPerDesa\MERGE\17BENGKULU.shp,DESANO,-1,-1,K:\Podes11\Podes\Peta 2010\KabKotPerDesa\MERGE\18LAMPUNG.shp,DESANO,-1,-1,K:\Podes11\Podes\Peta 2010\KabKotPerDesa\MERGE\19BABEL.shp,DESANO,-1,-1,K:\Podes11\Podes\Peta 2010\KabKotPerDesa\MERGE\21KEPRI.shp,DESANO,-1,-1,K:\Podes11\Podes\Peta 2010\KabKotPerDesa\MERGE\31DKI.shp,DESANO,-1,-1,K:\Podes11\Podes\Peta 2010\KabKotPerDesa\MERGE\32JABAR.shp,DESANO,-1,-1,K:\Podes11\Podes\Peta 2010\KabKotPerDesa\MERGE\33JATENG.shp,DESANO,-1,-1,K:\Podes11\Podes\Peta 2010\KabKotPerDesa\MERGE\34DIY.shp,DESANO,-1,-1,K:\Podes11\Podes\Peta 2010\KabKotPerDesa\MERGE\35JATIM.shp,DESANO,-1,-1,K:\Podes11\Podes\Peta 2010\KabKotPerDesa\MERGE\36BANTEN.shp,DESANO,-1,-1,K:\Podes11\Podes\Peta 2010\KabKotPerDesa\MERGE\51BALI.shp,DESANO,-1,-1,K:\Podes11\Podes\Peta 2010\KabKotPerDesa\MERGE\52NTB.shp,DESANO,-1,-1,K:\Podes11\Podes\Peta 2010\KabKotPerDesa\MERGE\53NTT.shp,DESANO,-1,-1,K:\Podes11\Podes\Peta 2010\KabKotPerDesa\MERGE\61KALBAR.shp,DESANO,-1,-1,K:\Podes11\Podes\Peta 2010\KabKotPerDesa\MERGE\62KALTENG.shp,DESANO,-1,-1,K:\Podes11\Podes\Peta 2010\KabKotPerDesa\MERGE\63KALSEL.shp,DESANO,-1,-1,K:\Podes11\Podes\Peta 2010\KabKotPerDesa\MERGE\64KALTIM.shp,DESANO,-1,-1,K:\Podes11\Podes\Peta 2010\KabKotPerDesa\MERGE\71SULUT.shp,DESANO,-1,-1,K:\Podes11\Podes\Peta 2010\KabKotPerDesa\MERGE\72SULTENG.shp,DESANO,-1,-1,K:\Podes11\Podes\Peta 2010\KabKotPerDesa\MERGE\73SULSEL.shp,DESANO,-1,-1,K:\Podes11\Podes\Peta 2010\KabKotPerDesa\MERGE\74SULTENG.shp,DESANO,-1,-1,K:\Podes11\Podes\Peta 2010\KabKotPerDesa\MERGE\75GORO.shp,DESANO,-1,-1,K:\Podes11\Podes\Peta 2010\KabKotPerDesa\MERGE\76SULBAR.shp,DESANO,-1,-1,K:\Podes11\Podes\Peta 2010\KabKotPerDesa\MERGE\81MALUKU.shp,DESANO,-1,-1,K:\Podes11\Podes\Peta 2010\KabKotPerDesa\MERGE\82MALUT.shp,DESANO,-1,-1,K:\Podes11\Podes\Peta 2010\KabKotPerDesa\MERGE\91PAPBAR.shp,DESANO,-1,-1,K:\Podes11\Podes\Peta 2010\KabKotPerDesa\MERGE\92PAPUA.shp,DESANO,-1,-1;KODE2010 "KODE2010" true true false 10 Text 0 0 ,First,#,K:\Podes11\Podes\Peta 2010\KabKotPerDesa\MERGE\11ACEH.shp,KODE2010,-1,-1,K:\Podes11\Podes\Peta 2010\KabKotPerDesa\MERGE\13SUMBAR.shp,KODE2010,-1,-1,K:\Podes11\Podes\Peta 2010\KabKotPerDesa\MERGE\14RIAU.shp,KODE2010,-1,-1,K:\Podes11\Podes\Peta 2010\KabKotPerDesa\MERGE\15JAMBI.shp,KODE2010,-1,-1,K:\Podes11\Podes\Peta 2010\KabKotPerDesa\MERGE\16SUMSEL.shp,KODE2010,-1,-1,K:\Podes11\Podes\Peta 2010\KabKotPerDesa\MERGE\17BENGKULU.shp,KODE2010,-1,-1,K:\Podes11\Podes\Peta 2010\KabKotPerDesa\MERGE\18LAMPUNG.shp,KODE2010,-1,-1,K:\Podes11\Podes\Peta 2010\KabKotPerDesa\MERGE\19BABEL.shp,KODE2010,-1,-1,K:\Podes11\Podes\Peta 2010\KabKotPerDesa\MERGE\21KEPRI.shp,KODE2010,-1,-1,K:\Podes11\Podes\Peta 2010\KabKotPerDesa\MERGE\31DKI.shp,KODE2010,-1,-1,K:\Podes11\Podes\Peta 2010\KabKotPerDesa\MERGE\32JABAR.shp,KODE2010,-1,-1,K:\Podes11\Podes\Peta 2010\KabKotPerDesa\MERGE\33JATENG.shp,KODE2010,-1,-1,K:\Podes11\Podes\Peta 2010\KabKotPerDesa\MERGE\34DIY.shp,KODE2010,-1,-1,K:\Podes11\Podes\Peta 2010\KabKotPerDesa\MERGE\35JATIM.shp,KODE2010,-1,-1,K:\Podes11\Podes\Peta 2010\KabKotPerDesa\MERGE\36BANTEN.shp,KODE2010,-1,-1,K:\Podes11\Podes\Peta 2010\KabKotPerDesa\MERGE\51BALI.shp,KODE2010,-1,-1,K:\Podes11\Podes\Peta 2010\KabKotPerDesa\MERGE\52NTB.shp,KODE2010,-1,-1,K:\Podes11\Podes\Peta 2010\KabKotPerDesa\MERGE\53NTT.shp,KODE2010,-1,-1,K:\Podes11\Podes\Peta 2010\KabKotPerDesa\MERGE\61KALBAR.shp,KODE2010,-1,-1,K:\Podes11\Podes\Peta 2010\KabKotPerDesa\MERGE\62KALTENG.shp,KODE2010,-1,-1,K:\Podes11\Podes\Peta 2010\KabKotPerDesa\MERGE\63KALSEL.shp,KODE2010,-1,-1,K:\Podes11\Podes\Peta 2010\KabKotPerDesa\MERGE\64KALTIM.shp,KODE2010,-1,-1,K:\Podes11\Podes\Peta 2010\KabKotPerDesa\MERGE\71SULUT.shp,KODE2010,-1,-1,K:\Podes11\Podes\Peta 2010\KabKotPerDesa\MERGE\72SULTENG.shp,KODE2010,-1,-1,K:\Podes11\Podes\Peta 2010\KabKotPerDesa\MERGE\73SULSEL.shp,KODE2010,-1,-1,K:\Podes11\Podes\Peta 2010\KabKotPerDesa\MERGE\74SULTENG.shp,KODE2010,-1,-1,K:\Podes11\Podes\Peta 2010\KabKotPerDesa\MERGE\75GORO.shp,KODE2010,-1,-1,K:\Podes11\Podes\Peta 2010\KabKotPerDesa\MERGE\76SULBAR.shp,KODE2010,-1,-1,K:\Podes11\Podes\Peta 2010\KabKotPerDesa\MERGE\81MALUKU.shp,KODE2010,-1,-1,K:\Podes11\Podes\Peta 2010\KabKotPerDesa\MERGE\82MALUT.shp,KODE2010,-1,-1,K:\Podes11\Podes\Peta 2010\KabKotPerDesa\MERGE\91PAPBAR.shp,KODE2010,-1,-1,K:\Podes11\Podes\Peta 2010\KabKotPerDesa\MERGE\92PAPUA.shp,KODE2010,-1,-1;PROVINSI "PROVINSI" true true false 40 Text 0 0 ,First,#,K:\Podes11\Podes\Peta 2010\KabKotPerDesa\MERGE\11ACEH.shp,PROVINSI,-1,-1,K:\Podes11\Podes\Peta 2010\KabKotPerDesa\MERGE\12SUMUT.shp,PROVINSI,-1,-1,K:\Podes11\Podes\Peta 2010\KabKotPerDesa\MERGE\13SUMBAR.shp,PROVINSI,-1,-1,K:\Podes11\Podes\Peta 2010\KabKotPerDesa\MERGE\14RIAU.shp,PROVINSI,-1,-1,K:\Podes11\Podes\Peta 2010\KabKotPerDesa\MERGE\15JAMBI.shp,PROVINSI,-1,-1,K:\Podes11\Podes\Peta 2010\KabKotPerDesa\MERGE\16SUMSEL.shp,PROVINSI,-1,-1,K:\Podes11\Podes\Peta 2010\KabKotPerDesa\MERGE\17BENGKULU.shp,PROVINSI,-1,-1,K:\Podes11\Podes\Peta 2010\KabKotPerDesa\MERGE\18LAMPUNG.shp,PROVINSI,-1,-1,K:\Podes11\Podes\Peta 2010\KabKotPerDesa\MERGE\19BABEL.shp,PROVINSI,-1,-1,K:\Podes11\Podes\Peta 2010\KabKotPerDesa\MERGE\21KEPRI.shp,PROVINSI,-1,-1,K:\Podes11\Podes\Peta 2010\KabKotPerDesa\MERGE\31DKI.shp,PROVINSI,-1,-1,K:\Podes11\Podes\Peta 2010\KabKotPerDesa\MERGE\32JABAR.shp,PROVINSI,-1,-1,K:\Podes11\Podes\Peta 2010\KabKotPerDesa\MERGE\33JATENG.shp,PROVINSI,-1,-1,K:\Podes11\Podes\Peta 2010\KabKotPerDesa\MERGE\34DIY.shp,PROVINSI,-1,-1,K:\Podes11\Podes\Peta 2010\KabKotPerDesa\MERGE\35JATIM.shp,PROVINSI,-1,-1,K:\Podes11\Podes\Peta 2010\KabKotPerDesa\MERGE\36BANTEN.shp,PROVINSI,-1,-1,K:\Podes11\Podes\Peta 2010\KabKotPerDesa\MERGE\51BALI.shp,PROVINSI,-1,-1,K:\Podes11\Podes\Peta 2010\KabKotPerDesa\MERGE\52NTB.shp,PROVINSI,-1,-1,K:\Podes11\Podes\Peta 2010\KabKotPerDesa\MERGE\53NTT.shp,PROVINSI,-1,-1,K:\Podes11\Podes\Peta 2010\KabKotPerDesa\MERGE\61KALBAR.shp,PROVINSI,-1,-1,K:\Podes11\Podes\Peta 2010\KabKotPerDesa\MERGE\62KALTENG.shp,PROVINSI,-1,-1,K:\Podes11\Podes\Peta 2010\KabKotPerDesa\MERGE\63KALSEL.shp,PROVINSI,-1,-1,K:\Podes11\Podes\Peta 2010\KabKotPerDesa\MERGE\64KALTIM.shp,PROVINSI,-1,-1,K:\Podes11\Podes\Peta 2010\KabKotPerDesa\MERGE\71SULUT.shp,PROVINSI,-1,-1,K:\Podes11\Podes\Peta 2010\KabKotPerDesa\MERGE\72SULTENG.shp,PROVINSI,-1,-1,K:\Podes11\Podes\Peta 2010\KabKotPerDesa\MERGE\73SULSEL.shp,PROVINSI,-1,-1,K:\Podes11\Podes\Peta 2010\KabKotPerDesa\MERGE\74SULTENG.shp,PROVINSI,-1,-1,K:\Podes11\Podes\Peta 2010\KabKotPerDesa\MERGE\75GORO.shp,PROVINSI,-1,-1,K:\Podes11\Podes\Peta 2010\KabKotPerDesa\MERGE\76SULBAR.shp,PROVINSI,-1,-1,K:\Podes11\Podes\Peta 2010\KabKotPerDesa\MERGE\81MALUKU.shp,PROVINSI,-1,-1,K:\Podes11\Podes\Peta 2010\KabKotPerDesa\MERGE\82MALUT.shp,PROVINSI,-1,-1,K:\Podes11\Podes\Peta 2010\KabKotPerDesa\MERGE\91PAPBAR.shp,PROVINSI,-1,-1,K:\Podes11\Podes\Peta 2010\KabKotPerDesa\MERGE\92PAPUA.shp,PROVINSI,-1,-1;KABKOT "KABKOT" true true false 40 Text 0 0 ,First,#,K:\Podes11\Podes\Peta 2010\KabKotPerDesa\MERGE\11ACEH.shp,KABKOT,-1,-1,K:\Podes11\Podes\Peta 2010\KabKotPerDesa\MERGE\13SUMBAR.shp,KABKOT,-1,-1,K:\Podes11\Podes\Peta 2010\KabKotPerDesa\MERGE\14RIAU.shp,KABKOT,-1,-1,K:\Podes11\Podes\Peta 2010\KabKotPerDesa\MERGE\15JAMBI.shp,KABKOT,-1,-1,K:\Podes11\Podes\Peta 2010\KabKotPerDesa\MERGE\16SUMSEL.shp,KABKOT,-1,-1,K:\Podes11\Podes\Peta 2010\KabKotPerDesa\MERGE\17BENGKULU.shp,KABKOT,-1,-1,K:\Podes11\Podes\Peta 2010\KabKotPerDesa\MERGE\18LAMPUNG.shp,KABKOT,-1,-1,K:\Podes11\Podes\Peta 2010\KabKotPerDesa\MERGE\19BABEL.shp,KABKOT,-1,-1,K:\Podes11\Podes\Peta 2010\KabKotPerDesa\MERGE\21KEPRI.shp,KABKOT,-1,-1,K:\Podes11\Podes\Peta 2010\KabKotPerDesa\MERGE\31DKI.shp,KABKOT,-1,-1,K:\Podes11\Podes\Peta 2010\KabKotPerDesa\MERGE\32JABAR.shp,KABKOT,-1,-1,K:\Podes11\Podes\Peta 2010\KabKotPerDesa\MERGE\33JATENG.shp,KABKOT,-1,-1,K:\Podes11\Podes\Peta 2010\KabKotPerDesa\MERGE\34DIY.shp,KABKOT,-1,-1,K:\Podes11\Podes\Peta 2010\KabKotPerDesa\MERGE\35JATIM.shp,KABKOT,-1,-1,K:\Podes11\Podes\Peta 2010\KabKotPerDesa\MERGE\36BANTEN.shp,KABKOT,-1,-1,K:\Podes11\Podes\Peta 2010\KabKotPerDesa\MERGE\51BALI.shp,KABKOT,-1,-1,K:\Podes11\Podes\Peta 2010\KabKotPerDesa\MERGE\52NTB.shp,KABKOT,-1,-1,K:\Podes11\Podes\Peta 2010\KabKotPerDesa\MERGE\53NTT.shp,KABKOT,-1,-1,K:\Podes11\Podes\Peta 2010\KabKotPerDesa\MERGE\61KALBAR.shp,KABKOT,-1,-1,K:\Podes11\Podes\Peta 2010\KabKotPerDesa\MERGE\62KALTENG.shp,KABKOT,-1,-1,K:\Podes11\Podes\Peta 2010\KabKotPerDesa\MERGE\63KALSEL.shp,KABKOT,-1,-1,K:\Podes11\Podes\Peta 2010\KabKotPerDesa\MERGE\64KALTIM.shp,KABKOT,-1,-1,K:\Podes11\Podes\Peta 2010\KabKotPerDesa\MERGE\71SULUT.shp,KABKOT,-1,-1,K:\Podes11\Podes\Peta 2010\KabKotPerDesa\MERGE\72SULTENG.shp,KABKOT,-1,-1,K:\Podes11\Podes\Peta 2010\KabKotPerDesa\MERGE\73SULSEL.shp,KABKOT,-1,-1,K:\Podes11\Podes\Peta 2010\KabKotPerDesa\MERGE\74SULTENG.shp,KABKOT,-1,-1,K:\Podes11\Podes\Peta 2010\KabKotPerDesa\MERGE\75GORO.shp,KABKOT,-1,-1,K:\Podes11\Podes\Peta 2010\KabKotPerDesa\MERGE\76SULBAR.shp,KABKOT,-1,-1,K:\Podes11\Podes\Peta 2010\KabKotPerDesa\MERGE\81MALUKU.shp,KABKOT,-1,-1,K:\Podes11\Podes\Peta 2010\KabKotPerDesa\MERGE\82MALUT.shp,KABKOT,-1,-1,K:\Podes11\Podes\Peta 2010\KabKotPerDesa\MERGE\91PAPBAR.shp,KABKOT,-1,-1,K:\Podes11\Podes\Peta 2010\KabKotPerDesa\MERGE\92PAPUA.shp,KABKOT,-1,-1;KECAMATAN "KECAMATAN" true true false 40 Text 0 0 ,First,#,K:\Podes11\Podes\Peta 2010\KabKotPerDesa\MERGE\11ACEH.shp,KECAMATAN,-1,-1,K:\Podes11\Podes\Peta 2010\KabKotPerDesa\MERGE\12SUMUT.shp,KECAMATAN,-1,-1,K:\Podes11\Podes\Peta 2010\KabKotPerDesa\MERGE\13SUMBAR.shp,KECAMATAN,-1,-1,K:\Podes11\Podes\Peta 2010\KabKotPerDesa\MERGE\14RIAU.shp,KECAMATAN,-1,-1,K:\Podes11\Podes\Peta 2010\KabKotPerDesa\MERGE\15JAMBI.shp,KECAMATAN,-1,-1,K:\Podes11\Podes\Peta 2010\KabKotPerDesa\MERGE\16SUMSEL.shp,KECAMATAN,-1,-1,K:\Podes11\Podes\Peta 2010\KabKotPerDesa\MERGE\17BENGKULU.shp,KECAMATAN,-1,-1,K:\Podes11\Podes\Peta 2010\KabKotPerDesa\MERGE\18LAMPUNG.shp,KECAMATAN,-1,-1,K:\Podes11\Podes\Peta 2010\KabKotPerDesa\MERGE\19BABEL.shp,KECAMATAN,-1,-1,K:\Podes11\Podes\Peta 2010\KabKotPerDesa\MERGE\21KEPRI.shp,KECAMATAN,-1,-1,K:\Podes11\Podes\Peta 2010\KabKotPerDesa\MERGE\31DKI.shp,KECAMATAN,-1,-1,K:\Podes11\Podes\Peta 2010\KabKotPerDesa\MERGE\32JABAR.shp,KECAMATAN,-1,-1,K:\Podes11\Podes\Peta 2010\KabKotPerDesa\MERGE\33JATENG.shp,KECAMATAN,-1,-1,K:\Podes11\Podes\Peta 2010\KabKotPerDesa\MERGE\34DIY.shp,KECAMATAN,-1,-1,K:\Podes11\Podes\Peta 2010\KabKotPerDesa\MERGE\35JATIM.shp,KECAMATAN,-1,-1,K:\Podes11\Podes\Peta 2010\KabKotPerDesa\MERGE\36BANTEN.shp,KECAMATAN,-1,-1,K:\Podes11\Podes\Peta 2010\KabKotPerDesa\MERGE\51BALI.shp,KECAMATAN,-1,-1,K:\Podes11\Podes\Peta 2010\KabKotPerDesa\MERGE\52NTB.shp,KECAMATAN,-1,-1,K:\Podes11\Podes\Peta 2010\KabKotPerDesa\MERGE\53NTT.shp,KECAMATAN,-1,-1,K:\Podes11\Podes\Peta 2010\KabKotPerDesa\MERGE\61KALBAR.shp,KECAMATAN,-1,-1,K:\Podes11\Podes\Peta 2010\KabKotPerDesa\MERGE\62KALTENG.shp,KECAMATAN,-1,-1,K:\Podes11\Podes\Peta 2010\KabKotPerDesa\MERGE\63KALSEL.shp,KECAMATAN,-1,-1,K:\Podes11\Podes\Peta 2010\KabKotPerDesa\MERGE\64KALTIM.shp,KECAMATAN,-1,-1,K:\Podes11\Podes\Peta 2010\KabKotPerDesa\MERGE\71SULUT.shp,KECAMATAN,-1,-1,K:\Podes11\Podes\Peta 2010\KabKotPerDesa\MERGE\72SULTENG.shp,KECAMATAN,-1,-1,K:\Podes11\Podes\Peta 2010\KabKotPerDesa\MERGE\73SULSEL.shp,KECAMATAN,-1,-1,K:\Podes11\Podes\Peta 2010\KabKotPerDesa\MERGE\74SULTENG.shp,KECAMATAN,-1,-1,K:\Podes11\Podes\Peta 2010\KabKotPerDesa\MERGE\75GORO.shp,KECAMATAN,-1,-1,K:\Podes11\Podes\Peta 2010\KabKotPerDesa\MERGE\76SULBAR.shp,KECAMATAN,-1,-1,K:\Podes11\Podes\Peta 2010\KabKotPerDesa\MERGE\81MALUKU.shp,KECAMATAN,-1,-1,K:\Podes11\Podes\Peta 2010\KabKotPerDesa\MERGE\82MALUT.shp,KECAMATAN,-1,-1,K:\Podes11\Podes\Peta 2010\KabKotPerDesa\MERGE\91PAPBAR.shp,KECAMATAN,-1,-1,K:\Podes11\Podes\Peta 2010\KabKotPerDesa\MERGE\92PAPUA.shp,KECAMATAN,-1,-1;DESA "DESA" true true false 40 Text 0 0 ,First,#,K:\Podes11\Podes\Peta 2010\KabKotPerDesa\MERGE\11ACEH.shp,DESA,-1,-1,K:\Podes11\Podes\Peta 2010\KabKotPerDesa\MERGE\12SUMUT.shp,DESA,-1,-1,K:\Podes11\Podes\Peta 2010\KabKotPerDesa\MERGE\13SUMBAR.shp,DESA,-1,-1,K:\Podes11\Podes\Peta 2010\KabKotPerDesa\MERGE\14RIAU.shp,DESA,-1,-1,K:\Podes11\Podes\Peta 2010\KabKotPerDesa\MERGE\15JAMBI.shp,DESA,-1,-1,K:\Podes11\Podes\Peta 2010\KabKotPerDesa\MERGE\16SUMSEL.shp,DESA,-1,-1,K:\Podes11\Podes\Peta 2010\KabKotPerDesa\MERGE\17BENGKULU.shp,DESA,-1,-1,K:\Podes11\Podes\Peta 2010\KabKotPerDesa\MERGE\18LAMPUNG.shp,DESA,-1,-1,K:\Podes11\Podes\Peta 2010\KabKotPerDesa\MERGE\19BABEL.shp,DESA,-1,-1,K:\Podes11\Podes\Peta 2010\KabKotPerDesa\MERGE\21KEPRI.shp,DESA,-1,-1,K:\Podes11\Podes\Peta 2010\KabKotPerDesa\MERGE\31DKI.shp,DESA,-1,-1,K:\Podes11\Podes\Peta 2010\KabKotPerDesa\MERGE\32JABAR.shp,DESA,-1,-1,K:\Podes11\Podes\Peta 2010\KabKotPerDesa\MERGE\33JATENG.shp,DESA,-1,-1,K:\Podes11\Podes\Peta 2010\KabKotPerDesa\MERGE\34DIY.shp,DESA,-1,-1,K:\Podes11\Podes\Peta 2010\KabKotPerDesa\MERGE\35JATIM.shp,DESA,-1,-1,K:\Podes11\Podes\Peta 2010\KabKotPerDesa\MERGE\36BANTEN.shp,DESA,-1,-1,K:\Podes11\Podes\Peta 2010\KabKotPerDesa\MERGE\51BALI.shp,DESA,-1,-1,K:\Podes11\Podes\Peta 2010\KabKotPerDesa\MERGE\52NTB.shp,DESA,-1,-1,K:\Podes11\Podes\Peta 2010\KabKotPerDesa\MERGE\53NTT.shp,DESA,-1,-1,K:\Podes11\Podes\Peta 2010\KabKotPerDesa\MERGE\61KALBAR.shp,DESA,-1,-1,K:\Podes11\Podes\Peta 2010\KabKotPerDesa\MERGE\62KALTENG.shp,DESA,-1,-1,K:\Podes11\Podes\Peta 2010\KabKotPerDesa\MERGE\63KALSEL.shp,DESA,-1,-1,K:\Podes11\Podes\Peta 2010\KabKotPerDesa\MERGE\64KALTIM.shp,DESA,-1,-1,K:\Podes11\Podes\Peta 2010\KabKotPerDesa\MERGE\71SULUT.shp,DESA,-1,-1,K:\Podes11\Podes\Peta 2010\KabKotPerDesa\MERGE\72SULTENG.shp,DESA,-1,-1,K:\Podes11\Podes\Peta 2010\KabKotPerDesa\MERGE\73SULSEL.shp,DESA,-1,-1,K:\Podes11\Podes\Peta 2010\KabKotPerDesa\MERGE\74SULTENG.shp,DESA,-1,-1,K:\Podes11\Podes\Peta 2010\KabKotPerDesa\MERGE\75GORO.shp,DESA,-1,-1,K:\Podes11\Podes\Peta 2010\KabKotPerDesa\MERGE\76SULBAR.shp,DESA,-1,-1,K:\Podes11\Podes\Peta 2010\KabKotPerDesa\MERGE\81MALUKU.shp,DESA,-1,-1,K:\Podes11\Podes\Peta 2010\KabKotPerDesa\MERGE\82MALUT.shp,DESA,-1,-1,K:\Podes11\Podes\Peta 2010\KabKotPerDesa\MERGE\91PAPBAR.shp,DESA,-1,-1,K:\Podes11\Podes\Peta 2010\KabKotPerDesa\MERGE\92PAPUA.shp,DESA,-1,-1;PROP_NO "PROP_NO" true true false 2 Text 0 0 ,First,#,K:\Podes11\Podes\Peta 2010\KabKotPerDesa\MERGE\12SUMUT.shp,PROP_NO,-1,-1;KAB_NO "KAB_NO" true true false 2 Text 0 0 ,First,#,K:\Podes11\Podes\Peta 2010\KabKotPerDesa\MERGE\12SUMUT.shp,KAB_NO,-1,-1;KEC_NO "KEC_NO" true true false 3 Text 0 0 ,First,#,K:\Podes11\Podes\Peta 2010\KabKotPerDesa\MERGE\12SUMUT.shp,KEC_NO,-1,-1;DESA_NO "DESA_NO" true true false 3 Text 0 0 ,First,#,K:\Podes11\Podes\Peta 2010\KabKotPerDesa\MERGE\12SUMUT.shp,DESA_NO,-1,-1;ID_2010 "ID_2010" true true false 10 Text 0 0 ,First,#,K:\Podes11\Podes\Peta 2010\KabKotPerDesa\MERGE\12SUMUT.shp,ID_2010,-1,-1;KABUPATEN "KABUPATEN" true true false 40 Text 0 0 ,First,#,K:\Podes11\Podes\Peta 2010\KabKotPerDesa\MERGE\12SUMUT.shp,KABUPATEN,-1,-1;KW_BATAS "KW_BATAS" true true false 1 Text 0 0 ,First,#,K:\Podes11\Podes\Peta 2010\KabKotPerDesa\MERGE\12SUMUT.shp,KW_BATAS,-1,-1,K:\Podes11\Podes\Peta 2010\KabKotPerDesa\MERGE\18LAMPUNG.shp,KW_BATAS,-1,-1,K:\Podes11\Podes\Peta 2010\KabKotPerDesa\MERGE\21KEPRI.shp,KW_BATAS,-1,-1,K:\Podes11\Podes\Peta 2010\KabKotPerDesa\MERGE\52NTB.shp,KW_BATAS,-1,-1,K:\Podes11\Podes\Peta 2010\KabKotPerDesa\MERGE\72SULTENG.shp,KW_BATAS,-1,-1,K:\Podes11\Podes\Peta 2010\KabKotPerDesa\MERGE\73SULSEL.shp,KW_BATAS,-1,-1,K:\Podes11\Podes\Peta 2010\KabKotPerDesa\MERGE\75GORO.shp,KW_BATAS,-1,-1;CITRA "CITRA" true true false 1 Text 0 0 ,First,#,K:\Podes11\Podes\Peta 2010\KabKotPerDesa\MERGE\12SUMUT.shp,CITRA,-1,-1,K:\Podes11\Podes\Peta 2010\KabKotPerDesa\MERGE\72SULTENG.shp,CITRA,-1,-1;KOR_DESA "KOR_DESA" true true false 1 Text 0 0 ,First,#,K:\Podes11\Podes\Peta 2010\KabKotPerDesa\MERGE\12SUMUT.shp,KOR_DESA,-1,-1,K:\Podes11\Podes\Peta 2010\KabKotPerDesa\MERGE\35JATIM.shp,KOR_DESA,-1,-1;KET "KET" true true false 40 Text 0 0 ,First,#,K:\Podes11\Podes\Peta 2010\KabKotPerDesa\MERGE\18LAMPUNG.shp,KET,-1,-1,K:\Podes11\Podes\Peta 2010\KabKotPerDesa\MERGE\21KEPRI.shp,KET,-1,-1,K:\Podes11\Podes\Peta 2010\KabKotPerDesa\MERGE\52NTB.shp,KET,-1,-1,K:\Podes11\Podes\Peta 2010\KabKotPerDesa\MERGE\72SULTENG.shp,KET,-1,-1,K:\Podes11\Podes\Peta 2010\KabKotPerDesa\MERGE\73SULSEL.shp,KET,-1,-1,K:\Podes11\Podes\Peta 2010\KabKotPerDesa\MERGE\75GORO.shp,KET,-1,-1;PANTAI "PANTAI" true true false 1 Short 0 1 ,First,#,K:\Podes11\Podes\Peta 2010\KabKotPerDesa\MERGE\19BABEL.shp,PANTAI,-1,-1,K:\Podes11\Podes\Peta 2010\KabKotPerDesa\MERGE\21KEPRI.shp,PANTAI,-1,-1,K:\Podes11\Podes\Peta 2010\KabKotPerDesa\MERGE\33JATENG.shp,PANTAI,-1,-1,K:\Podes11\Podes\Peta 2010\KabKotPerDesa\MERGE\52NTB.shp,PANTAI,-1,-1,K:\Podes11\Podes\Peta 2010\KabKotPerDesa\MERGE\53NTT.shp,PANTAI,-1,-1,K:\Podes11\Podes\Peta 2010\KabKotPerDesa\MERGE\91PAPBAR.shp,PANTAI,-1,-1;IDKEC "IDKEC" true true false 7 Text 0 0 ,First,#,K:\Podes11\Podes\Peta 2010\KabKotPerDesa\MERGE\52NTB.shp,IDKEC,-1,-1"</Process><Process ToolSource="C:\Program Files (x86)\ArcGIS\Desktop10.0\ArcToolbox\Toolboxes\Data Management Tools.tbx\DefineProjection" Date="20120112" Time="150028">DefineProjection "K:\Podes11\Podes\Peta 2010\KabKotPerDesa\MERGE\INDO_KABKOTKECDES.shp" GEOGCS['GCS_WGS_1984',DATUM['D_WGS_1984',SPHEROID['WGS_1984',6378137.0,298.257223563]],PRIMEM['Greenwich',0.0],UNIT['Degree',0.0174532925199433]]</Process><Process ToolSource="c:\program files (x86)\arcgis\desktop10.3\ArcToolbox\Toolboxes\Data Management Tools.tbx\Dissolve" Date="20170501" Time="215418">Dissolve Kabupaten_Karangasem C:\Users\merry\Documents\ArcGIS\Default.gdb\Kabupaten_Karangasem_Dissolv PROVINSI;KABKOT;KECAMATAN;DESA # MULTI_PART DISSOLVE_LINES</Process><Process ToolSource="c:\program files (x86)\arcgis\desktop10.3\ArcToolbox\Toolboxes\Data Management Tools.tbx\Dissolve" Date="20170501" Time="215703">Dissolve Batas_desa_karangasem C:\Users\merry\Documents\ArcGIS\Default.gdb\Batas_desa_karangasem_Dissol KECAMATAN # MULTI_PART DISSOLVE_LINES</Process></lineage><copyHistory><copy source="K:\Podes11\Podes\Peta 2010\KabKotPerDesa\MERGE\INDO_KABKOTKECDES" dest="\\PSDHUP-HP\O$\IIDITSNAADKHI\DATABASE\PETA_DASAR_TEMATIK\INDO_KABKOTKECDES" date="20120112" time="15213800"></copy></copyHistory><coordRef><type Sync="TRUE">Geographic</type><geogcsn Sync="TRUE">GCS_WGS_1984</geogcsn><csUnits Sync="TRUE">Angular Unit: Degree (0.017453)</csUnits><peXml Sync="TRUE">&lt;GeographicCoordinateSystem xsi:type='typens:GeographicCoordinateSystem' xmlns:xsi='http://www.w3.org/2001/XMLSchema-instance' xmlns:xs='http://www.w3.org/2001/XMLSchema' xmlns:typens='http://www.esri.com/schemas/ArcGIS/10.3'&gt;&lt;WKT&gt;GEOGCS[&amp;quot;GCS_WGS_1984&amp;quot;,DATUM[&amp;quot;D_WGS_1984&amp;quot;,SPHEROID[&amp;quot;WGS_1984&amp;quot;,6378137.0,298.257223563]],PRIMEM[&amp;quot;Greenwich&amp;quot;,0.0],UNIT[&amp;quot;Degree&amp;quot;,0.0174532925199433],AUTHORITY[&amp;quot;EPSG&amp;quot;,4326]]&lt;/WKT&gt;&lt;XOrigin&gt;-400&lt;/XOrigin&gt;&lt;YOrigin&gt;-400&lt;/YOrigin&gt;&lt;XYScale&gt;1111948722.2222221&lt;/XYScale&gt;&lt;ZOrigin&gt;-100000&lt;/ZOrigin&gt;&lt;ZScale&gt;10000&lt;/ZScale&gt;&lt;MOrigin&gt;-100000&lt;/MOrigin&gt;&lt;MScale&gt;10000&lt;/MScale&gt;&lt;XYTolerance&gt;8.983152841195215e-009&lt;/XYTolerance&gt;&lt;ZTolerance&gt;0.001&lt;/ZTolerance&gt;&lt;MTolerance&gt;0.001&lt;/MTolerance&gt;&lt;HighPrecision&gt;true&lt;/HighPrecision&gt;&lt;LeftLongitude&gt;-180&lt;/LeftLongitude&gt;&lt;WKID&gt;4326&lt;/WKID&gt;&lt;LatestWKID&gt;4326&lt;/LatestWKID&gt;&lt;/GeographicCoordinateSystem&gt;</peXml></coordRef></DataProperties><SyncDate>20170501</SyncDate><SyncTime>21570200</SyncTime><ModDate>20170501</ModDate><ModTime>21570200</ModTime></Esri><dataIdInfo><envirDesc Sync="TRUE">Microsoft Windows 7 Version 6.1 (Build 7600) ; Esri ArcGIS 10.3.0.4284</envirDesc><dataLang><languageCode value="eng" country="USA"></languageCode><countryCode value="USA" Sync="TRUE"></countryCode></dataLang><idCitation><resTitle Sync="TRUE">Batas_desa_karangasem_Dissol</resTitle><presForm><PresFormCd value="005"></PresFormCd></presForm></idCitation><descKeys><thesaName uuidref="723f6998-058e-11dc-8314-0800200c9a66"></thesaName><keyword Sync="TRUE">002</keyword></descKeys><spatRpType><SpatRepTypCd value="001"></SpatRepTypCd></spatRpType></dataIdInfo><mdLang><languageCode value="eng"></languageCode><countryCode value="USA" Sync="TRUE"></countryCode></mdLang><mdChar><CharSetCd value="004"></CharSetCd></mdChar><distInfo><distFormat><formatName Sync="TRUE">File Geodatabase Feature Class</formatName></distFormat><distTranOps><transSize Sync="TRUE">0.000</transSize></distTranOps></distInfo><mdHrLv><ScopeCd value="005"></ScopeCd></mdHrLv><mdHrLvName Sync="TRUE">dataset</mdHrLvName><spdoinfo><ptvctinf><esriterm Name="Batas_desa_karangasem_Dissol"><efeatyp Sync="TRUE">Simple</efeatyp><efeageom code="4" Sync="TRUE"></efeageom><esritopo Sync="TRUE">FALSE</esritopo><efeacnt Sync="TRUE">0</efeacnt><spindex Sync="TRUE">TRUE</spindex><linrefer Sync="TRUE">FALSE</linrefer></esriterm></ptvctinf></spdoinfo><spatRepInfo><VectSpatRep><geometObjs Name="Batas_desa_karangasem_Dissol"><geoObjTyp><GeoObjTypCd value="002" Sync="TRUE"></GeoObjTypCd></geoObjTyp><geoObjCnt Sync="TRUE">0</geoObjCnt></geometObjs><topLvl><TopoLevCd value="001" Sync="TRUE"></TopoLevCd></topLvl></VectSpatRep></spatRepInfo><eainfo><detailed Name="Batas_desa_karangasem_Dissol"><enttyp><enttypl Sync="TRUE">Batas_desa_karangasem_Dissol</enttypl><enttypt Sync="TRUE">Feature Class</enttypt><enttypc Sync="TRUE">0</enttypc></enttyp><attr><attrlabl Sync="TRUE">OBJECTID</attrlabl><attalias Sync="TRUE">OBJECTID</attalias><attrtype Sync="TRUE">OID</attrtype><attwidth Sync="TRUE">4</attwidth><atprecis Sync="TRUE">0</atprecis><attscale Sync="TRUE">0</attscale><attrdef Sync="TRUE">Internal feature number.</attrdef><attrdefs Sync="TRUE">Esri</attrdefs><attrdomv><udom Sync="TRUE">Sequential unique whole numbers that are automatically generated.</udom></attrdomv></attr><attr><attrlabl Sync="TRUE">Shape</attrlabl><attalias Sync="TRUE">Shape</attalias><attrtype Sync="TRUE">Geometry</attrtype><attwidth Sync="TRUE">0</attwidth><atprecis Sync="TRUE">0</atprecis><attscale Sync="TRUE">0</attscale><attrdef Sync="TRUE">Feature geometry.</attrdef><attrdefs Sync="TRUE">ESRI</attrdefs><attrdomv><udom Sync="TRUE">Coordinates defining the features.</udom></attrdomv></attr><attr><attrlabl Sync="TRUE">KECAMATAN</attrlabl><attalias Sync="TRUE">KECAMATAN</attalias><attrtype Sync="TRUE">String</attrtype><attwidth Sync="TRUE">40</attwidth><atprecis Sync="TRUE">0</atprecis><attscale Sync="TRUE">0</attscale></attr><attr><attrlabl Sync="TRUE">Shape_Length</attrlabl><attalias Sync="TRUE">Shape_Length</attalias><attrtype Sync="TRUE">Double</attrtype><attwidth Sync="TRUE">8</attwidth><atprecis Sync="TRUE">0</atprecis><attscale Sync="TRUE">0</attscale><attrdef Sync="TRUE">Length of feature in internal units.</attrdef><attrdefs Sync="TRUE">Esri</attrdefs><attrdomv><udom Sync="TRUE">Positive real numbers that are automatically generated.</udom></attrdomv></attr><attr><attrlabl Sync="TRUE">Shape_Area</attrlabl><attalias Sync="TRUE">Shape_Area</attalias><attrtype Sync="TRUE">Double</attrtype><attwidth Sync="TRUE">8</attwidth><atprecis Sync="TRUE">0</atprecis><attscale Sync="TRUE">0</attscale><attrdef Sync="TRUE">Area of feature in internal units squared.</attrdef><attrdefs Sync="TRUE">Esri</attrdefs><attrdomv><udom Sync="TRUE">Positive real numbers that are automatically generated.</udom></attrdomv></attr></detailed></eainfo><mdDateSt Sync="TRUE">20170501</mdDateSt><refSysInfo><RefSystem><refSysID><identCode code="4326" Sync="TRUE"></identCode><idCodeSpace Sync="TRUE">EPSG</idCodeSpace><idVersion Sync="TRUE">8.2.6</idVersion></refSysID></RefSystem></refSysInfo></metadata>
