<?xml version="1.0" encoding="UTF-8"?>
<metadata xml:lang="en"><Esri><CreaDate>20170516</CreaDate><CreaTime>12394500</CreaTime><SyncOnce>FALSE</SyncOnce><DataProperties><lineage><Process ToolSource="C:\Program Files\ArcGIS\ArcToolbox\Toolboxes\Data Management Tools.tbx\DefineProjection" Date="20111118" Time="081201">DefineProjection "C:\00. PETA KARANGASEM EDIT 0711\00.2.SHP_KARANGASEM_0711\administrasi\arteri_primer_kasem_0711.shp" GEOGCS['GCS_WGS_1984',DATUM['D_WGS_1984',SPHEROID['WGS_1984',6378137.0,298.257223563]],PRIMEM['Greenwich',0.0],UNIT['Degree',0.0174532925199433]] "C:\00. PETA KARANGASEM EDIT 0711\00.2.SHP_KARANGASEM_0711\administrasi\arteri_primer_kasem_0711.shp"</Process><Process ToolSource="c:\program files (x86)\arcgis\desktop10.3\ArcToolbox\Toolboxes\Data Management Tools.tbx\CalculateField" Date="20170512" Time="092819">CalculateField arteri_primer ARTERI__ID "Arteri Primer" VB #</Process><Process ToolSource="c:\program files (x86)\arcgis\desktop10.3\ArcToolbox\Toolboxes\Data Management Tools.tbx\CalculateField" Date="20170512" Time="092854">CalculateField arteri_primer ket "Arteri Primer" VB #</Process><Process ToolSource="c:\program files (x86)\arcgis\desktop10.3\ArcToolbox\Toolboxes\Data Management Tools.tbx\Merge" Date="20170516" Time="123321">Merge arteri_primer;arteri_sekunder;jalan_lokal;kolektor_primer;kolektor_sekunder C:\Users\merry\Documents\ArcGIS\Default.gdb\arteri_primer_Merge "ARTERI__ID "ARTERI__ID" true true false 5 Short 0 5 ,First,#,arteri_primer,ARTERI__ID,-1,-1,arteri_sekunder,ARTERI__ID,-1,-1;ket "ket" true true false 50 Text 0 0 ,First,#,arteri_primer,ket,-1,-1,arteri_sekunder,ket,-1,-1,kolektor_primer,ket,-1,-1,kolektor_sekunder,ket,-1,-1;NO_RUAS "NO_RUAS" true true false 50 Text 0 0 ,First,#,jalan_lokal,NO_RUAS,-1,-1;PGKL_RUAS "PGKL_RUAS" true true false 250 Text 0 0 ,First,#,jalan_lokal,PGKL_RUAS,-1,-1;UJUNG_RUAS "UJUNG_RUAS" true true false 250 Text 0 0 ,First,#,jalan_lokal,UJUNG_RUAS,-1,-1;PNGNAL_AWL "PNGNAL_AWL" true true false 250 Text 0 0 ,First,#,jalan_lokal,PNGNAL_AWL,-1,-1;PNGNAL_AKR "PNGNAL_AKR" true true false 250 Text 0 0 ,First,#,jalan_lokal,PNGNAL_AKR,-1,-1;PANJANG "PANJANG" true true false 19 Double 15 18 ,First,#,jalan_lokal,PANJANG,-1,-1;KLASIFIKAS "KLASIFIKAS" true true false 150 Text 0 0 ,First,#,jalan_lokal,KLASIFIKAS,-1,-1;STATUS_JLN "STATUS_JLN" true true false 100 Text 0 0 ,First,#,jalan_lokal,STATUS_JLN,-1,-1;SISFUNG_JL "SISFUNG_JL" true true false 150 Text 0 0 ,First,#,jalan_lokal,SISFUNG_JL,-1,-1;STA_AWAL "STA_AWAL" true true false 19 Double 15 18 ,First,#,jalan_lokal,STA_AWAL,-1,-1;STA_AKHIR "STA_AKHIR" true true false 19 Double 15 18 ,First,#,jalan_lokal,STA_AKHIR,-1,-1;TIPE_JALAN "TIPE_JALAN" true true false 250 Text 0 0 ,First,#,jalan_lokal,TIPE_JALAN,-1,-1;KOND_JALAN "KOND_JALAN" true true false 250 Text 0 0 ,First,#,jalan_lokal,KOND_JALAN,-1,-1;TH_PER_TRK "TH_PER_TRK" true true false 150 Text 0 0 ,First,#,jalan_lokal,TH_PER_TRK,-1,-1;PK "PK" true true false 50 Text 0 0 ,First,#,jalan_lokal,PK,-1,-1;PB "PB" true true false 50 Text 0 0 ,First,#,jalan_lokal,PB,-1,-1;BLN_PER_DA "BLN_PER_DA" true true false 150 Text 0 0 ,First,#,jalan_lokal,BLN_PER_DA,-1,-1;LEBAR_JLN "LEBAR_JLN" true true false 19 Double 15 18 ,First,#,jalan_lokal,LEBAR_JLN,-1,-1;LEBAR_PERK "LEBAR_PERK" true true false 19 Double 15 18 ,First,#,jalan_lokal,LEBAR_PERK,-1,-1;DESA "DESA" true true false 100 Text 0 0 ,First,#,jalan_lokal,DESA,-1,-1;KECAMATAN "KECAMATAN" true true false 100 Text 0 0 ,First,#,jalan_lokal,KECAMATAN,-1,-1;USULAN "USULAN" true true false 150 Text 0 0 ,First,#,jalan_lokal,USULAN,-1,-1;AWAL_X "AWAL_X" true true false 150 Text 0 0 ,First,#,jalan_lokal,AWAL_X,-1,-1;AWAL_Y "AWAL_Y" true true false 150 Text 0 0 ,First,#,jalan_lokal,AWAL_Y,-1,-1;AKHIR_X "AKHIR_X" true true false 150 Text 0 0 ,First,#,jalan_lokal,AKHIR_X,-1,-1;AKHIR_Y "AKHIR_Y" true true false 150 Text 0 0 ,First,#,jalan_lokal,AKHIR_Y,-1,-1;jenis "jenis" true true false 50 Text 0 0 ,First,#,jalan_lokal,jenis,-1,-1;KOLEKTO_ID "KOLEKTO_ID" true true false 5 Short 0 5 ,First,#,kolektor_primer,KOLEKTO_ID,-1,-1,kolektor_sekunder,KOLEKTO_ID,-1,-1"</Process><Process ToolSource="c:\program files (x86)\arcgis\desktop10.3\ArcToolbox\Toolboxes\Data Management Tools.tbx\CalculateField" Date="20170516" Time="123613">CalculateField arteri_primer_Merge jenis "Arteri Primer" VB #</Process><Process ToolSource="c:\program files (x86)\arcgis\desktop10.3\ArcToolbox\Toolboxes\Data Management Tools.tbx\CalculateField" Date="20170516" Time="123648">CalculateField arteri_primer_Merge jenis "Arteri Sekunder" VB #</Process><Process ToolSource="c:\program files (x86)\arcgis\desktop10.3\ArcToolbox\Toolboxes\Data Management Tools.tbx\CalculateField" Date="20170516" Time="123717">CalculateField arteri_primer_Merge jenis "Kolektor Primer" VB #</Process><Process ToolSource="c:\program files (x86)\arcgis\desktop10.3\ArcToolbox\Toolboxes\Data Management Tools.tbx\CalculateField" Date="20170516" Time="123755">CalculateField arteri_primer_Merge jenis "Kolektor Sekunder" VB #</Process><Process ToolSource="c:\program files (x86)\arcgis\desktop10.3\ArcToolbox\Toolboxes\Data Management Tools.tbx\CalculateField" Date="20170516" Time="124048">CalculateField jalan_Karangasem sumber_dat "Database Jalan" VB #</Process></lineage><itemProps><itemName Sync="TRUE">arteri_primer_Merge</itemName><imsContentType Sync="TRUE">002</imsContentType><itemLocation><linkage Sync="TRUE">file://\\MERRY-PC\C$\Users\merry\Documents\ArcGIS\Default.gdb</linkage><protocol Sync="TRUE">Local Area Network</protocol></itemLocation></itemProps><coordRef><type Sync="TRUE">Geographic</type><geogcsn Sync="TRUE">GCS_WGS_1984</geogcsn><csUnits Sync="TRUE">Angular Unit: Degree (0.017453)</csUnits><peXml Sync="TRUE">&lt;GeographicCoordinateSystem xsi:type='typens:GeographicCoordinateSystem' xmlns:xsi='http://www.w3.org/2001/XMLSchema-instance' xmlns:xs='http://www.w3.org/2001/XMLSchema' xmlns:typens='http://www.esri.com/schemas/ArcGIS/10.3'&gt;&lt;WKT&gt;GEOGCS[&amp;quot;GCS_WGS_1984&amp;quot;,DATUM[&amp;quot;D_WGS_1984&amp;quot;,SPHEROID[&amp;quot;WGS_1984&amp;quot;,6378137.0,298.257223563]],PRIMEM[&amp;quot;Greenwich&amp;quot;,0.0],UNIT[&amp;quot;Degree&amp;quot;,0.0174532925199433],AUTHORITY[&amp;quot;EPSG&amp;quot;,4326]]&lt;/WKT&gt;&lt;XOrigin&gt;-400&lt;/XOrigin&gt;&lt;YOrigin&gt;-400&lt;/YOrigin&gt;&lt;XYScale&gt;1111948722.2222221&lt;/XYScale&gt;&lt;ZOrigin&gt;-100000&lt;/ZOrigin&gt;&lt;ZScale&gt;10000&lt;/ZScale&gt;&lt;MOrigin&gt;-100000&lt;/MOrigin&gt;&lt;MScale&gt;10000&lt;/MScale&gt;&lt;XYTolerance&gt;8.983152841195215e-009&lt;/XYTolerance&gt;&lt;ZTolerance&gt;0.001&lt;/ZTolerance&gt;&lt;MTolerance&gt;0.001&lt;/MTolerance&gt;&lt;HighPrecision&gt;true&lt;/HighPrecision&gt;&lt;LeftLongitude&gt;-180&lt;/LeftLongitude&gt;&lt;WKID&gt;4326&lt;/WKID&gt;&lt;LatestWKID&gt;4326&lt;/LatestWKID&gt;&lt;/GeographicCoordinateSystem&gt;</peXml></coordRef></DataProperties><ArcGISFormat>1.0</ArcGISFormat><SyncDate>20170516</SyncDate><SyncTime>12331600</SyncTime><ModDate>20170516</ModDate><ModTime>12331600</ModTime></Esri><dataIdInfo><envirDesc Sync="TRUE">Microsoft Windows 7 Version 6.1 (Build 7600) ; Esri ArcGIS 10.3.0.4284</envirDesc><dataLang><languageCode value="eng" Sync="TRUE"></languageCode><countryCode value="USA" Sync="TRUE"></countryCode></dataLang><idCitation><resTitle Sync="TRUE">arteri_primer_Merge</resTitle><presForm><PresFormCd value="005" Sync="TRUE"></PresFormCd></presForm></idCitation><spatRpType><SpatRepTypCd value="001" Sync="TRUE"></SpatRepTypCd></spatRpType></dataIdInfo><mdLang><languageCode value="eng" Sync="TRUE"></languageCode><countryCode value="USA" Sync="TRUE"></countryCode></mdLang><distInfo><distFormat><formatName Sync="TRUE">File Geodatabase Feature Class</formatName></distFormat></distInfo><mdHrLv><ScopeCd value="005" Sync="TRUE"></ScopeCd></mdHrLv><mdHrLvName Sync="TRUE">dataset</mdHrLvName><refSysInfo><RefSystem><refSysID><identCode code="4326" Sync="TRUE"></identCode><idCodeSpace Sync="TRUE">EPSG</idCodeSpace><idVersion Sync="TRUE">8.2.6</idVersion></refSysID></RefSystem></refSysInfo><spatRepInfo><VectSpatRep><geometObjs Name="arteri_primer_Merge"><geoObjTyp><GeoObjTypCd value="002" Sync="TRUE"></GeoObjTypCd></geoObjTyp><geoObjCnt Sync="TRUE">0</geoObjCnt></geometObjs><topLvl><TopoLevCd value="001" Sync="TRUE"></TopoLevCd></topLvl></VectSpatRep></spatRepInfo><spdoinfo><ptvctinf><esriterm Name="arteri_primer_Merge"><efeatyp Sync="TRUE">Simple</efeatyp><efeageom code="3" Sync="TRUE"></efeageom><esritopo Sync="TRUE">FALSE</esritopo><efeacnt Sync="TRUE">0</efeacnt><spindex Sync="TRUE">TRUE</spindex><linrefer Sync="TRUE">FALSE</linrefer></esriterm></ptvctinf></spdoinfo><eainfo><detailed Name="arteri_primer_Merge"><enttyp><enttypl Sync="TRUE">arteri_primer_Merge</enttypl><enttypt Sync="TRUE">Feature Class</enttypt><enttypc Sync="TRUE">0</enttypc></enttyp><attr><attrlabl Sync="TRUE">OBJECTID</attrlabl><attalias Sync="TRUE">OBJECTID</attalias><attrtype Sync="TRUE">OID</attrtype><attwidth Sync="TRUE">4</attwidth><atprecis Sync="TRUE">0</atprecis><attscale Sync="TRUE">0</attscale><attrdef Sync="TRUE">Internal feature number.</attrdef><attrdefs Sync="TRUE">Esri</attrdefs><attrdomv><udom Sync="TRUE">Sequential unique whole numbers that are automatically generated.</udom></attrdomv></attr><attr><attrlabl Sync="TRUE">Shape</attrlabl><attalias Sync="TRUE">Shape</attalias><attrtype Sync="TRUE">Geometry</attrtype><attwidth Sync="TRUE">0</attwidth><atprecis Sync="TRUE">0</atprecis><attscale Sync="TRUE">0</attscale><attrdef Sync="TRUE">Feature geometry.</attrdef><attrdefs Sync="TRUE">Esri</attrdefs><attrdomv><udom Sync="TRUE">Coordinates defining the features.</udom></attrdomv></attr><attr><attrlabl Sync="TRUE">ARTERI__ID</attrlabl><attalias Sync="TRUE">ARTERI__ID</attalias><attrtype Sync="TRUE">SmallInteger</attrtype><attwidth Sync="TRUE">2</attwidth><atprecis Sync="TRUE">0</atprecis><attscale Sync="TRUE">0</attscale></attr><attr><attrlabl Sync="TRUE">ket</attrlabl><attalias Sync="TRUE">ket</attalias><attrtype Sync="TRUE">String</attrtype><attwidth Sync="TRUE">50</attwidth><atprecis Sync="TRUE">0</atprecis><attscale Sync="TRUE">0</attscale></attr><attr><attrlabl Sync="TRUE">NO_RUAS</attrlabl><attalias Sync="TRUE">NO_RUAS</attalias><attrtype Sync="TRUE">String</attrtype><attwidth Sync="TRUE">50</attwidth><atprecis Sync="TRUE">0</atprecis><attscale Sync="TRUE">0</attscale></attr><attr><attrlabl Sync="TRUE">PGKL_RUAS</attrlabl><attalias Sync="TRUE">PGKL_RUAS</attalias><attrtype Sync="TRUE">String</attrtype><attwidth Sync="TRUE">250</attwidth><atprecis Sync="TRUE">0</atprecis><attscale Sync="TRUE">0</attscale></attr><attr><attrlabl Sync="TRUE">UJUNG_RUAS</attrlabl><attalias Sync="TRUE">UJUNG_RUAS</attalias><attrtype Sync="TRUE">String</attrtype><attwidth Sync="TRUE">250</attwidth><atprecis Sync="TRUE">0</atprecis><attscale Sync="TRUE">0</attscale></attr><attr><attrlabl Sync="TRUE">PNGNAL_AWL</attrlabl><attalias Sync="TRUE">PNGNAL_AWL</attalias><attrtype Sync="TRUE">String</attrtype><attwidth Sync="TRUE">250</attwidth><atprecis Sync="TRUE">0</atprecis><attscale Sync="TRUE">0</attscale></attr><attr><attrlabl Sync="TRUE">PNGNAL_AKR</attrlabl><attalias Sync="TRUE">PNGNAL_AKR</attalias><attrtype Sync="TRUE">String</attrtype><attwidth Sync="TRUE">250</attwidth><atprecis Sync="TRUE">0</atprecis><attscale Sync="TRUE">0</attscale></attr><attr><attrlabl Sync="TRUE">PANJANG</attrlabl><attalias Sync="TRUE">PANJANG</attalias><attrtype Sync="TRUE">Double</attrtype><attwidth Sync="TRUE">8</attwidth><atprecis Sync="TRUE">0</atprecis><attscale Sync="TRUE">0</attscale></attr><attr><attrlabl Sync="TRUE">KLASIFIKAS</attrlabl><attalias Sync="TRUE">KLASIFIKAS</attalias><attrtype Sync="TRUE">String</attrtype><attwidth Sync="TRUE">150</attwidth><atprecis Sync="TRUE">0</atprecis><attscale Sync="TRUE">0</attscale></attr><attr><attrlabl Sync="TRUE">STATUS_JLN</attrlabl><attalias Sync="TRUE">STATUS_JLN</attalias><attrtype Sync="TRUE">String</attrtype><attwidth Sync="TRUE">100</attwidth><atprecis Sync="TRUE">0</atprecis><attscale Sync="TRUE">0</attscale></attr><attr><attrlabl Sync="TRUE">SISFUNG_JL</attrlabl><attalias Sync="TRUE">SISFUNG_JL</attalias><attrtype Sync="TRUE">String</attrtype><attwidth Sync="TRUE">150</attwidth><atprecis Sync="TRUE">0</atprecis><attscale Sync="TRUE">0</attscale></attr><attr><attrlabl Sync="TRUE">STA_AWAL</attrlabl><attalias Sync="TRUE">STA_AWAL</attalias><attrtype Sync="TRUE">Double</attrtype><attwidth Sync="TRUE">8</attwidth><atprecis Sync="TRUE">0</atprecis><attscale Sync="TRUE">0</attscale></attr><attr><attrlabl Sync="TRUE">STA_AKHIR</attrlabl><attalias Sync="TRUE">STA_AKHIR</attalias><attrtype Sync="TRUE">Double</attrtype><attwidth Sync="TRUE">8</attwidth><atprecis Sync="TRUE">0</atprecis><attscale Sync="TRUE">0</attscale></attr><attr><attrlabl Sync="TRUE">TIPE_JALAN</attrlabl><attalias Sync="TRUE">TIPE_JALAN</attalias><attrtype Sync="TRUE">String</attrtype><attwidth Sync="TRUE">250</attwidth><atprecis Sync="TRUE">0</atprecis><attscale Sync="TRUE">0</attscale></attr><attr><attrlabl Sync="TRUE">KOND_JALAN</attrlabl><attalias Sync="TRUE">KOND_JALAN</attalias><attrtype Sync="TRUE">String</attrtype><attwidth Sync="TRUE">250</attwidth><atprecis Sync="TRUE">0</atprecis><attscale Sync="TRUE">0</attscale></attr><attr><attrlabl Sync="TRUE">TH_PER_TRK</attrlabl><attalias Sync="TRUE">TH_PER_TRK</attalias><attrtype Sync="TRUE">String</attrtype><attwidth Sync="TRUE">150</attwidth><atprecis Sync="TRUE">0</atprecis><attscale Sync="TRUE">0</attscale></attr><attr><attrlabl Sync="TRUE">PK</attrlabl><attalias Sync="TRUE">PK</attalias><attrtype Sync="TRUE">String</attrtype><attwidth Sync="TRUE">50</attwidth><atprecis Sync="TRUE">0</atprecis><attscale Sync="TRUE">0</attscale></attr><attr><attrlabl Sync="TRUE">PB</attrlabl><attalias Sync="TRUE">PB</attalias><attrtype Sync="TRUE">String</attrtype><attwidth Sync="TRUE">50</attwidth><atprecis Sync="TRUE">0</atprecis><attscale Sync="TRUE">0</attscale></attr><attr><attrlabl Sync="TRUE">BLN_PER_DA</attrlabl><attalias Sync="TRUE">BLN_PER_DA</attalias><attrtype Sync="TRUE">String</attrtype><attwidth Sync="TRUE">150</attwidth><atprecis Sync="TRUE">0</atprecis><attscale Sync="TRUE">0</attscale></attr><attr><attrlabl Sync="TRUE">LEBAR_JLN</attrlabl><attalias Sync="TRUE">LEBAR_JLN</attalias><attrtype Sync="TRUE">Double</attrtype><attwidth Sync="TRUE">8</attwidth><atprecis Sync="TRUE">0</atprecis><attscale Sync="TRUE">0</attscale></attr><attr><attrlabl Sync="TRUE">LEBAR_PERK</attrlabl><attalias Sync="TRUE">LEBAR_PERK</attalias><attrtype Sync="TRUE">Double</attrtype><attwidth Sync="TRUE">8</attwidth><atprecis Sync="TRUE">0</atprecis><attscale Sync="TRUE">0</attscale></attr><attr><attrlabl Sync="TRUE">DESA</attrlabl><attalias Sync="TRUE">DESA</attalias><attrtype Sync="TRUE">String</attrtype><attwidth Sync="TRUE">100</attwidth><atprecis Sync="TRUE">0</atprecis><attscale Sync="TRUE">0</attscale></attr><attr><attrlabl Sync="TRUE">KECAMATAN</attrlabl><attalias Sync="TRUE">KECAMATAN</attalias><attrtype Sync="TRUE">String</attrtype><attwidth Sync="TRUE">100</attwidth><atprecis Sync="TRUE">0</atprecis><attscale Sync="TRUE">0</attscale></attr><attr><attrlabl Sync="TRUE">USULAN</attrlabl><attalias Sync="TRUE">USULAN</attalias><attrtype Sync="TRUE">String</attrtype><attwidth Sync="TRUE">150</attwidth><atprecis Sync="TRUE">0</atprecis><attscale Sync="TRUE">0</attscale></attr><attr><attrlabl Sync="TRUE">AWAL_X</attrlabl><attalias Sync="TRUE">AWAL_X</attalias><attrtype Sync="TRUE">String</attrtype><attwidth Sync="TRUE">150</attwidth><atprecis Sync="TRUE">0</atprecis><attscale Sync="TRUE">0</attscale></attr><attr><attrlabl Sync="TRUE">AWAL_Y</attrlabl><attalias Sync="TRUE">AWAL_Y</attalias><attrtype Sync="TRUE">String</attrtype><attwidth Sync="TRUE">150</attwidth><atprecis Sync="TRUE">0</atprecis><attscale Sync="TRUE">0</attscale></attr><attr><attrlabl Sync="TRUE">AKHIR_X</attrlabl><attalias Sync="TRUE">AKHIR_X</attalias><attrtype Sync="TRUE">String</attrtype><attwidth Sync="TRUE">150</attwidth><atprecis Sync="TRUE">0</atprecis><attscale Sync="TRUE">0</attscale></attr><attr><attrlabl Sync="TRUE">AKHIR_Y</attrlabl><attalias Sync="TRUE">AKHIR_Y</attalias><attrtype Sync="TRUE">String</attrtype><attwidth Sync="TRUE">150</attwidth><atprecis Sync="TRUE">0</atprecis><attscale Sync="TRUE">0</attscale></attr><attr><attrlabl Sync="TRUE">jenis</attrlabl><attalias Sync="TRUE">jenis</attalias><attrtype Sync="TRUE">String</attrtype><attwidth Sync="TRUE">50</attwidth><atprecis Sync="TRUE">0</atprecis><attscale Sync="TRUE">0</attscale></attr><attr><attrlabl Sync="TRUE">KOLEKTO_ID</attrlabl><attalias Sync="TRUE">KOLEKTO_ID</attalias><attrtype Sync="TRUE">SmallInteger</attrtype><attwidth Sync="TRUE">2</attwidth><atprecis Sync="TRUE">0</atprecis><attscale Sync="TRUE">0</attscale></attr><attr><attrlabl Sync="TRUE">Shape_Length</attrlabl><attalias Sync="TRUE">Shape_Length</attalias><attrtype Sync="TRUE">Double</attrtype><attwidth Sync="TRUE">8</attwidth><atprecis Sync="TRUE">0</atprecis><attscale Sync="TRUE">0</attscale><attrdef Sync="TRUE">Length of feature in internal units.</attrdef><attrdefs Sync="TRUE">Esri</attrdefs><attrdomv><udom Sync="TRUE">Positive real numbers that are automatically generated.</udom></attrdomv></attr></detailed></eainfo><mdDateSt Sync="TRUE">20170516</mdDateSt></metadata>
