<?xml version="1.0" encoding="UTF-8"?>
<metadata xml:lang="en"><Esri><CreaDate>20170502</CreaDate><CreaTime>22050200</CreaTime><ArcGISFormat>1.0</ArcGISFormat><SyncOnce>FALSE</SyncOnce><DataProperties><itemProps><itemName Sync="TRUE">Sungai_Poligon</itemName><imsContentType Sync="TRUE">002</imsContentType><itemLocation><linkage Sync="TRUE">file://\\C00GIS06\c\arcgisserver\directories\arcgisjobs\gptool\igd_25k_hidrografi_gpserver\jb37b6d7592ea469ba601694907861666\scratch\zipfolder\Sungai_Poligon.shp</linkage><protocol Sync="TRUE">Local Area Network</protocol></itemLocation><nativeExtBox><westBL Sync="TRUE">95.244341</westBL><eastBL Sync="TRUE">141.000000</eastBL><southBL Sync="TRUE">-10.888880</southBL><northBL Sync="TRUE">5.591917</northBL><exTypeCode Sync="TRUE">1</exTypeCode></nativeExtBox><itemSize Sync="TRUE">0.000</itemSize></itemProps><coordRef><type Sync="TRUE">Geographic</type><geogcsn Sync="TRUE">GCS_WGS_1984</geogcsn><csUnits Sync="TRUE">Angular Unit: Degree (0.017453)</csUnits><peXml Sync="TRUE">&lt;GeographicCoordinateSystem xsi:type='typens:GeographicCoordinateSystem' xmlns:xsi='http://www.w3.org/2001/XMLSchema-instance' xmlns:xs='http://www.w3.org/2001/XMLSchema' xmlns:typens='http://www.esri.com/schemas/ArcGIS/10.1'&gt;&lt;WKT&gt;GEOGCS[&amp;quot;GCS_WGS_1984&amp;quot;,DATUM[&amp;quot;D_WGS_1984&amp;quot;,SPHEROID[&amp;quot;WGS_1984&amp;quot;,6378137.0,298.257223563]],PRIMEM[&amp;quot;Greenwich&amp;quot;,0.0],UNIT[&amp;quot;Degree&amp;quot;,0.0174532925199433],AUTHORITY[&amp;quot;EPSG&amp;quot;,4326]]&lt;/WKT&gt;&lt;XOrigin&gt;-400&lt;/XOrigin&gt;&lt;YOrigin&gt;-400&lt;/YOrigin&gt;&lt;XYScale&gt;11258999068426.238&lt;/XYScale&gt;&lt;ZOrigin&gt;-100000&lt;/ZOrigin&gt;&lt;ZScale&gt;10000&lt;/ZScale&gt;&lt;MOrigin&gt;-100000&lt;/MOrigin&gt;&lt;MScale&gt;10000&lt;/MScale&gt;&lt;XYTolerance&gt;8.983152841195215e-009&lt;/XYTolerance&gt;&lt;ZTolerance&gt;0.001&lt;/ZTolerance&gt;&lt;MTolerance&gt;0.001&lt;/MTolerance&gt;&lt;HighPrecision&gt;true&lt;/HighPrecision&gt;&lt;LeftLongitude&gt;-180&lt;/LeftLongitude&gt;&lt;WKID&gt;4326&lt;/WKID&gt;&lt;LatestWKID&gt;4326&lt;/LatestWKID&gt;&lt;/GeographicCoordinateSystem&gt;</peXml></coordRef><lineage><Process ToolSource="c:\bin\gis\arcgis\desktop10.1\ArcToolbox\Toolboxes\Conversion Tools.tbx\FeatureClassToFeatureClass" Date="20121016" Time="223624">FeatureClassToFeatureClass C:\Data\GeoDataStorage\SparateFDSeachScale\HIDROGRAFI.gdb\SUNGAIAR C:\Data\GeoDataStorage\SparateFDSeachScale\HIDROGRAFI.gdb SUNGAIAR_25K # "NAMOBJ "Name of River" true true false 50 Text 0 0 ,First,#,C:\Data\GeoDataStorage\SparateFDSeachScale\HIDROGRAFI.gdb\SUNGAIAR,NAMOBJ,-1,-1;JNSSNG "Type of River" true true false 4 Long 0 0 ,First,#,C:\Data\GeoDataStorage\SparateFDSeachScale\HIDROGRAFI.gdb\SUNGAIAR,JNSSNG,-1,-1;KLSSNG "Type of River" true true false 4 Long 0 0 ,First,#,C:\Data\GeoDataStorage\SparateFDSeachScale\HIDROGRAFI.gdb\SUNGAIAR,KLSSNG,-1,-1;FCODE "Feature Code" true false true 50 Text 0 0 ,First,#,C:\Data\GeoDataStorage\SparateFDSeachScale\HIDROGRAFI.gdb\SUNGAIAR,FCODE,-1,-1;REMARK "Notes" true true false 250 Text 0 0 ,First,#,C:\Data\GeoDataStorage\SparateFDSeachScale\HIDROGRAFI.gdb\SUNGAIAR,REMARK,-1,-1;SRS_ID "Spatial Reference System Identifier" true false true 50 Text 0 0 ,First,#,C:\Data\GeoDataStorage\SparateFDSeachScale\HIDROGRAFI.gdb\SUNGAIAR,SRS_ID,-1,-1;GlobalID "GlobalID" false false true 38 GlobalID 0 0 ,First,#,C:\Data\GeoDataStorage\SparateFDSeachScale\HIDROGRAFI.gdb\SUNGAIAR,GlobalID,-1,-1;SHAPE_Length "SHAPE_Length" false true true 8 Double 0 0 ,First,#,C:\Data\GeoDataStorage\SparateFDSeachScale\HIDROGRAFI.gdb\SUNGAIAR,SHAPE_Length,-1,-1;SHAPE_Area "SHAPE_Area" false true true 8 Double 0 0 ,First,#,C:\Data\GeoDataStorage\SparateFDSeachScale\HIDROGRAFI.gdb\SUNGAIAR,SHAPE_Area,-1,-1" #</Process><Process ToolSource="c:\program files (x86)\arcgis\desktop10.1\ArcToolbox\Toolboxes\Data Management Tools.tbx\Append" Date="20130620" Time="141529">Append C:\Users\giovanni\Documents\WORKS\MIGRATION_TOOL_V3\SDE_FILES\BAKONNC\ADM_HIDRO.sde\ADM_HIDRO.Hidrografi\ADM_HIDRO.SUNGAIAR_10K C:\Users\giovanni\Documents\WORKS\MIGRATION_TOOL_V3\SDE_FILES\BAKONNC\ADM_HIDRO.sde\ADM_HIDRO.Hidrografi\ADM_HIDRO.SUNGAIAR_25K NO_TEST "NAMOBJ "Name of River" true true false 50 Text 0 0 ,First,#,C:\Users\giovanni\Documents\WORKS\MIGRATION_TOOL_V3\SDE_FILES\BAKONNC\ADM_HIDRO.sde\ADM_HIDRO.Hidrografi\ADM_HIDRO.SUNGAIAR_10K,NAMOBJ,-1,-1;JNSSNG "Type of River" true true false 4 Long 0 10 ,First,#,C:\Users\giovanni\Documents\WORKS\MIGRATION_TOOL_V3\SDE_FILES\BAKONNC\ADM_HIDRO.sde\ADM_HIDRO.Hidrografi\ADM_HIDRO.SUNGAIAR_10K,JNSSNG,-1,-1;KLSSNG "Type of River" true true false 4 Long 0 10 ,First,#,C:\Users\giovanni\Documents\WORKS\MIGRATION_TOOL_V3\SDE_FILES\BAKONNC\ADM_HIDRO.sde\ADM_HIDRO.Hidrografi\ADM_HIDRO.SUNGAIAR_10K,KLSSNG,-1,-1;FCODE "Feature Code" true false false 50 Text 0 0 ,First,#,C:\Users\giovanni\Documents\WORKS\MIGRATION_TOOL_V3\SDE_FILES\BAKONNC\ADM_HIDRO.sde\ADM_HIDRO.Hidrografi\ADM_HIDRO.SUNGAIAR_10K,FCODE,-1,-1;REMARK "Notes" true true false 250 Text 0 0 ,First,#,C:\Users\giovanni\Documents\WORKS\MIGRATION_TOOL_V3\SDE_FILES\BAKONNC\ADM_HIDRO.sde\ADM_HIDRO.Hidrografi\ADM_HIDRO.SUNGAIAR_10K,REMARK,-1,-1;SRS_ID "Spatial Reference System Identifier" true false false 50 Text 0 0 ,First,#,C:\Users\giovanni\Documents\WORKS\MIGRATION_TOOL_V3\SDE_FILES\BAKONNC\ADM_HIDRO.sde\ADM_HIDRO.Hidrografi\ADM_HIDRO.SUNGAIAR_10K,SRS_ID,-1,-1;GLOBALID "GlobalID" false false true 38 GlobalID 0 0 ,First,#,C:\Users\giovanni\Documents\WORKS\MIGRATION_TOOL_V3\SDE_FILES\BAKONNC\ADM_HIDRO.sde\ADM_HIDRO.Hidrografi\ADM_HIDRO.SUNGAIAR_10K,GLOBALID,-1,-1;SHAPE.AREA "SHAPE.AREA" false false true 0 Double 0 0 ,First,#,C:\Users\giovanni\Documents\WORKS\MIGRATION_TOOL_V3\SDE_FILES\BAKONNC\ADM_HIDRO.sde\ADM_HIDRO.Hidrografi\ADM_HIDRO.SUNGAIAR_10K,SHAPE.AREA,-1,-1;SHAPE.LEN "SHAPE.LEN" false false true 0 Double 0 0 ,First,#,C:\Users\giovanni\Documents\WORKS\MIGRATION_TOOL_V3\SDE_FILES\BAKONNC\ADM_HIDRO.sde\ADM_HIDRO.Hidrografi\ADM_HIDRO.SUNGAIAR_10K,SHAPE.LEN,-1,-1" #</Process><Process ToolSource="c:\program files\arcgis\desktop10.1\ArcToolbox\Toolboxes\Data Management Tools.tbx\Append" Date="20130621" Time="172416">Append C:\Users\sunjaya\Documents\MIGRATION_TOOL\SDE_FILES\BAKONNC\ADM_HIDRO.sde\ADM_HIDRO.Hidrografi\ADM_HIDRO.SUNGAIAR_10K C:\Users\sunjaya\Documents\MIGRATION_TOOL\SDE_FILES\BAKONNC\ADM_HIDRO.sde\ADM_HIDRO.Hidrografi\ADM_HIDRO.SUNGAIAR_25K NO_TEST "NAMOBJ "Name of River" true true false 50 Text 0 0 ,First,#,C:\Users\sunjaya\Documents\MIGRATION_TOOL\SDE_FILES\BAKONNC\ADM_HIDRO.sde\ADM_HIDRO.Hidrografi\ADM_HIDRO.SUNGAIAR_10K,NAMOBJ,-1,-1;JNSSNG "Type of River" true true false 4 Long 0 10 ,First,#,C:\Users\sunjaya\Documents\MIGRATION_TOOL\SDE_FILES\BAKONNC\ADM_HIDRO.sde\ADM_HIDRO.Hidrografi\ADM_HIDRO.SUNGAIAR_10K,JNSSNG,-1,-1;KLSSNG "Type of River" true true false 4 Long 0 10 ,First,#,C:\Users\sunjaya\Documents\MIGRATION_TOOL\SDE_FILES\BAKONNC\ADM_HIDRO.sde\ADM_HIDRO.Hidrografi\ADM_HIDRO.SUNGAIAR_10K,KLSSNG,-1,-1;FCODE "Feature Code" true false false 50 Text 0 0 ,First,#,C:\Users\sunjaya\Documents\MIGRATION_TOOL\SDE_FILES\BAKONNC\ADM_HIDRO.sde\ADM_HIDRO.Hidrografi\ADM_HIDRO.SUNGAIAR_10K,FCODE,-1,-1;REMARK "Notes" true true false 250 Text 0 0 ,First,#,C:\Users\sunjaya\Documents\MIGRATION_TOOL\SDE_FILES\BAKONNC\ADM_HIDRO.sde\ADM_HIDRO.Hidrografi\ADM_HIDRO.SUNGAIAR_10K,REMARK,-1,-1;SRS_ID "Spatial Reference System Identifier" true false false 50 Text 0 0 ,First,#,C:\Users\sunjaya\Documents\MIGRATION_TOOL\SDE_FILES\BAKONNC\ADM_HIDRO.sde\ADM_HIDRO.Hidrografi\ADM_HIDRO.SUNGAIAR_10K,SRS_ID,-1,-1;GLOBALID "GlobalID" false false true 38 GlobalID 0 0 ,First,#,C:\Users\sunjaya\Documents\MIGRATION_TOOL\SDE_FILES\BAKONNC\ADM_HIDRO.sde\ADM_HIDRO.Hidrografi\ADM_HIDRO.SUNGAIAR_10K,GLOBALID,-1,-1;SHAPE.AREA "SHAPE.AREA" false false true 0 Double 0 0 ,First,#,C:\Users\sunjaya\Documents\MIGRATION_TOOL\SDE_FILES\BAKONNC\ADM_HIDRO.sde\ADM_HIDRO.Hidrografi\ADM_HIDRO.SUNGAIAR_10K,SHAPE.AREA,-1,-1;SHAPE.LEN "SHAPE.LEN" false false true 0 Double 0 0 ,First,#,C:\Users\sunjaya\Documents\MIGRATION_TOOL\SDE_FILES\BAKONNC\ADM_HIDRO.sde\ADM_HIDRO.Hidrografi\ADM_HIDRO.SUNGAIAR_10K,SHAPE.LEN,-1,-1" #</Process><Process ToolSource="c:\program files\arcgis\desktop10.1\ArcToolbox\Toolboxes\Data Management Tools.tbx\Append" Date="20130621" Time="232659">Append C:\Users\sunjaya\Documents\MIGRATION_TOOL\SDE_FILES\BAKONNC\ADM_HIDRO.sde\ADM_HIDRO.Hidrografi\ADM_HIDRO.SUNGAIAR_10K C:\Users\sunjaya\Documents\MIGRATION_TOOL\SDE_FILES\BAKONNC\ADM_HIDRO.sde\ADM_HIDRO.Hidrografi\ADM_HIDRO.SUNGAIAR_25K NO_TEST "NAMOBJ "Name of River" true true false 50 Text 0 0 ,First,#,C:\Users\sunjaya\Documents\MIGRATION_TOOL\SDE_FILES\BAKONNC\ADM_HIDRO.sde\ADM_HIDRO.Hidrografi\ADM_HIDRO.SUNGAIAR_10K,NAMOBJ,-1,-1;JNSSNG "Type of River" true true false 4 Long 0 10 ,First,#,C:\Users\sunjaya\Documents\MIGRATION_TOOL\SDE_FILES\BAKONNC\ADM_HIDRO.sde\ADM_HIDRO.Hidrografi\ADM_HIDRO.SUNGAIAR_10K,JNSSNG,-1,-1;KLSSNG "Type of River" true true false 4 Long 0 10 ,First,#,C:\Users\sunjaya\Documents\MIGRATION_TOOL\SDE_FILES\BAKONNC\ADM_HIDRO.sde\ADM_HIDRO.Hidrografi\ADM_HIDRO.SUNGAIAR_10K,KLSSNG,-1,-1;FCODE "Feature Code" true false false 50 Text 0 0 ,First,#,C:\Users\sunjaya\Documents\MIGRATION_TOOL\SDE_FILES\BAKONNC\ADM_HIDRO.sde\ADM_HIDRO.Hidrografi\ADM_HIDRO.SUNGAIAR_10K,FCODE,-1,-1;REMARK "Notes" true true false 250 Text 0 0 ,First,#,C:\Users\sunjaya\Documents\MIGRATION_TOOL\SDE_FILES\BAKONNC\ADM_HIDRO.sde\ADM_HIDRO.Hidrografi\ADM_HIDRO.SUNGAIAR_10K,REMARK,-1,-1;SRS_ID "Spatial Reference System Identifier" true false false 50 Text 0 0 ,First,#,C:\Users\sunjaya\Documents\MIGRATION_TOOL\SDE_FILES\BAKONNC\ADM_HIDRO.sde\ADM_HIDRO.Hidrografi\ADM_HIDRO.SUNGAIAR_10K,SRS_ID,-1,-1;GLOBALID "GlobalID" false false true 38 GlobalID 0 0 ,First,#,C:\Users\sunjaya\Documents\MIGRATION_TOOL\SDE_FILES\BAKONNC\ADM_HIDRO.sde\ADM_HIDRO.Hidrografi\ADM_HIDRO.SUNGAIAR_10K,GLOBALID,-1,-1;SHAPE.AREA "SHAPE.AREA" false false true 0 Double 0 0 ,First,#,C:\Users\sunjaya\Documents\MIGRATION_TOOL\SDE_FILES\BAKONNC\ADM_HIDRO.sde\ADM_HIDRO.Hidrografi\ADM_HIDRO.SUNGAIAR_10K,SHAPE.AREA,-1,-1;SHAPE.LEN "SHAPE.LEN" false false true 0 Double 0 0 ,First,#,C:\Users\sunjaya\Documents\MIGRATION_TOOL\SDE_FILES\BAKONNC\ADM_HIDRO.sde\ADM_HIDRO.Hidrografi\ADM_HIDRO.SUNGAIAR_10K,SHAPE.LEN,-1,-1" #</Process><Process ToolSource="c:\program files\arcgis\desktop10.1\ArcToolbox\Toolboxes\Data Management Tools.tbx\Append" Date="20130623" Time="202749">Append C:\Users\sunjaya\Documents\MIGRATION_TOOL\SDE_FILES\BAKONNC\ADM_HIDRO.sde\ADM_HIDRO.Hidrografi\ADM_HIDRO.SUNGAIAR_10K C:\Users\sunjaya\Documents\MIGRATION_TOOL\SDE_FILES\BAKONNC\ADM_HIDRO.sde\ADM_HIDRO.Hidrografi\ADM_HIDRO.SUNGAIAR_25K NO_TEST "NAMOBJ "Name of River" true true false 50 Text 0 0 ,First,#,C:\Users\sunjaya\Documents\MIGRATION_TOOL\SDE_FILES\BAKONNC\ADM_HIDRO.sde\ADM_HIDRO.Hidrografi\ADM_HIDRO.SUNGAIAR_10K,NAMOBJ,-1,-1;JNSSNG "Type of River" true true false 4 Long 0 10 ,First,#,C:\Users\sunjaya\Documents\MIGRATION_TOOL\SDE_FILES\BAKONNC\ADM_HIDRO.sde\ADM_HIDRO.Hidrografi\ADM_HIDRO.SUNGAIAR_10K,JNSSNG,-1,-1;KLSSNG "Type of River" true true false 4 Long 0 10 ,First,#,C:\Users\sunjaya\Documents\MIGRATION_TOOL\SDE_FILES\BAKONNC\ADM_HIDRO.sde\ADM_HIDRO.Hidrografi\ADM_HIDRO.SUNGAIAR_10K,KLSSNG,-1,-1;FCODE "Feature Code" true false false 50 Text 0 0 ,First,#,C:\Users\sunjaya\Documents\MIGRATION_TOOL\SDE_FILES\BAKONNC\ADM_HIDRO.sde\ADM_HIDRO.Hidrografi\ADM_HIDRO.SUNGAIAR_10K,FCODE,-1,-1;REMARK "Notes" true true false 250 Text 0 0 ,First,#,C:\Users\sunjaya\Documents\MIGRATION_TOOL\SDE_FILES\BAKONNC\ADM_HIDRO.sde\ADM_HIDRO.Hidrografi\ADM_HIDRO.SUNGAIAR_10K,REMARK,-1,-1;SRS_ID "Spatial Reference System Identifier" true false false 50 Text 0 0 ,First,#,C:\Users\sunjaya\Documents\MIGRATION_TOOL\SDE_FILES\BAKONNC\ADM_HIDRO.sde\ADM_HIDRO.Hidrografi\ADM_HIDRO.SUNGAIAR_10K,SRS_ID,-1,-1;GLOBALID "GlobalID" false false true 38 GlobalID 0 0 ,First,#,C:\Users\sunjaya\Documents\MIGRATION_TOOL\SDE_FILES\BAKONNC\ADM_HIDRO.sde\ADM_HIDRO.Hidrografi\ADM_HIDRO.SUNGAIAR_10K,GLOBALID,-1,-1;SHAPE.AREA "SHAPE.AREA" false false true 0 Double 0 0 ,First,#,C:\Users\sunjaya\Documents\MIGRATION_TOOL\SDE_FILES\BAKONNC\ADM_HIDRO.sde\ADM_HIDRO.Hidrografi\ADM_HIDRO.SUNGAIAR_10K,SHAPE.AREA,-1,-1;SHAPE.LEN "SHAPE.LEN" false false true 0 Double 0 0 ,First,#,C:\Users\sunjaya\Documents\MIGRATION_TOOL\SDE_FILES\BAKONNC\ADM_HIDRO.sde\ADM_HIDRO.Hidrografi\ADM_HIDRO.SUNGAIAR_10K,SHAPE.LEN,-1,-1" #</Process><Process ToolSource="c:\program files (x86)\arcgis\desktop10.2\ArcToolbox\Toolboxes\Data Management Tools.tbx\TruncateTable" Date="20131218" Time="214823">TruncateTable C:\NSDI\MIGRATION_TOOL\SDE_FILES\NSDI\ADM_HIDRO.sde\ADM_HIDRO.SUNGAIAR_25K</Process><Process ToolSource="c:\program files (x86)\arcgis\desktop10.2\ArcToolbox\Toolboxes\Data Management Tools.tbx\Append" Date="20140414" Time="190355">Append C:\10k.gdb\Hidrografi\SUNGAIAR_25K C:\NSDI\MIGRATION_TOOL\SDE_FILES\NSDI\ADM_HIDRO.sde\ADM_HIDRO.Hidrografi\ADM_HIDRO.SUNGAIAR_25K NO_TEST "NAMOBJ "Name of River" true true false 50 Text 0 0 ,First,#,C:\10k.gdb\Hidrografi\SUNGAIAR_25K,NAMOBJ,-1,-1;JNSSNG "Type of River" true true false 4 Long 0 10 ,First,#,C:\10k.gdb\Hidrografi\SUNGAIAR_25K,JNSSNG,-1,-1;KLSSNG "Type of River" true true false 4 Long 0 10 ,First,#,C:\10k.gdb\Hidrografi\SUNGAIAR_25K,KLSSNG,-1,-1;FCODE "Feature Code" true false false 50 Text 0 0 ,First,#,C:\10k.gdb\Hidrografi\SUNGAIAR_25K,FCODE,-1,-1;REMARK "Notes" true true false 250 Text 0 0 ,First,#,C:\10k.gdb\Hidrografi\SUNGAIAR_25K,REMARK,-1,-1;SRS_ID "Spatial Reference System Identifier" true false false 50 Text 0 0 ,First,#,C:\10k.gdb\Hidrografi\SUNGAIAR_25K,SRS_ID,-1,-1;GLOBALID "GlobalID" false false true 38 GlobalID 0 0 ,First,#,C:\10k.gdb\Hidrografi\SUNGAIAR_25K,GlobalID,-1,-1;SHAPE.AREA "SHAPE.AREA" false false true 0 Double 0 0 ,First,#;SHAPE.LEN "SHAPE.LEN" false false true 0 Double 0 0 ,First,#" #</Process><Process ToolSource="c:\program files\arcgis\server\ArcToolbox\Toolboxes\Analysis Tools.tbx\Clip" Date="20170429" Time="080228">Clip "IGD_25K_Hidrografi\Sungai Poligon" "Feature Set" c:\arcgisserver\directories\arcgisjobs\gptool\igd_25k_hidrografi_gpserver\jb37b6d7592ea469ba601694907861666\scratch\zipfolder\Sungai_Poligon.shp #</Process></lineage></DataProperties><SyncDate>20170429</SyncDate><SyncTime>08022700</SyncTime><ModDate>20170429</ModDate><ModTime>08022700</ModTime></Esri><dataIdInfo><envirDesc Sync="TRUE">Microsoft Windows Server 2008 R2 Version 6.1 (Build 7601) Service Pack 1; Esri ArcGIS 10.1.1.3143</envirDesc><dataLang><languageCode value="eng" Sync="TRUE"></languageCode><countryCode value="USA" Sync="TRUE"></countryCode></dataLang><idCitation><resTitle Sync="TRUE">Sungai_Poligon</resTitle><presForm><PresFormCd value="005" Sync="TRUE"></PresFormCd></presForm></idCitation><spatRpType><SpatRepTypCd value="001" Sync="TRUE"></SpatRepTypCd></spatRpType><dataExt><geoEle><GeoBndBox esriExtentType="search"><exTypeCode Sync="TRUE">1</exTypeCode><westBL Sync="TRUE">95.244341</westBL><eastBL Sync="TRUE">141.000000</eastBL><northBL Sync="TRUE">5.591917</northBL><southBL Sync="TRUE">-10.888880</southBL></GeoBndBox></geoEle></dataExt></dataIdInfo><mdLang><languageCode value="eng" Sync="TRUE"></languageCode><countryCode value="USA" Sync="TRUE"></countryCode></mdLang><distInfo><distFormat><formatName Sync="TRUE">Shapefile</formatName></distFormat><distTranOps><transSize Sync="TRUE">0.000</transSize></distTranOps></distInfo><mdHrLv><ScopeCd value="005" Sync="TRUE"></ScopeCd></mdHrLv><mdHrLvName Sync="TRUE">dataset</mdHrLvName><refSysInfo><RefSystem><refSysID><identCode code="4326" Sync="TRUE"></identCode><idCodeSpace Sync="TRUE">EPSG</idCodeSpace><idVersion Sync="TRUE">7.11.2</idVersion></refSysID></RefSystem></refSysInfo><spatRepInfo><VectSpatRep><geometObjs Name="Sungai_Poligon"><geoObjTyp><GeoObjTypCd value="002" Sync="TRUE"></GeoObjTypCd></geoObjTyp><geoObjCnt Sync="TRUE">0</geoObjCnt></geometObjs><topLvl><TopoLevCd value="001" Sync="TRUE"></TopoLevCd></topLvl></VectSpatRep></spatRepInfo><spdoinfo><ptvctinf><esriterm Name="Sungai_Poligon"><efeatyp Sync="TRUE">Simple</efeatyp><efeageom code="4" Sync="TRUE"></efeageom><esritopo Sync="TRUE">FALSE</esritopo><efeacnt Sync="TRUE">0</efeacnt><spindex Sync="TRUE">FALSE</spindex><linrefer Sync="TRUE">FALSE</linrefer></esriterm></ptvctinf></spdoinfo><eainfo><detailed Name="Sungai_Poligon"><enttyp><enttypl Sync="TRUE">Sungai_Poligon</enttypl><enttypt Sync="TRUE">Feature Class</enttypt><enttypc Sync="TRUE">0</enttypc></enttyp><attr><attrlabl Sync="TRUE">FID</attrlabl><attalias Sync="TRUE">FID</attalias><attrtype Sync="TRUE">OID</attrtype><attwidth Sync="TRUE">4</attwidth><atprecis Sync="TRUE">0</atprecis><attscale Sync="TRUE">0</attscale><attrdef Sync="TRUE">Internal feature number.</attrdef><attrdefs Sync="TRUE">Esri</attrdefs><attrdomv><udom Sync="TRUE">Sequential unique whole numbers that are automatically generated.</udom></attrdomv></attr><attr><attrlabl Sync="TRUE">Shape</attrlabl><attalias Sync="TRUE">Shape</attalias><attrtype Sync="TRUE">Geometry</attrtype><attwidth Sync="TRUE">0</attwidth><atprecis Sync="TRUE">0</atprecis><attscale Sync="TRUE">0</attscale><attrdef Sync="TRUE">Feature geometry.</attrdef><attrdefs Sync="TRUE">Esri</attrdefs><attrdomv><udom Sync="TRUE">Coordinates defining the features.</udom></attrdomv></attr><attr><attrlabl Sync="TRUE">NAMOBJ</attrlabl><attalias Sync="TRUE">NAMOBJ</attalias><attrtype Sync="TRUE">String</attrtype><attwidth Sync="TRUE">50</attwidth><atprecis Sync="TRUE">0</atprecis><attscale Sync="TRUE">0</attscale></attr><attr><attrlabl Sync="TRUE">JNSSNG</attrlabl><attalias Sync="TRUE">JNSSNG</attalias><attrtype Sync="TRUE">Double</attrtype><attwidth Sync="TRUE">10</attwidth><atprecis Sync="TRUE">10</atprecis><attscale Sync="TRUE">0</attscale></attr><attr><attrlabl Sync="TRUE">KLSSNG</attrlabl><attalias Sync="TRUE">KLSSNG</attalias><attrtype Sync="TRUE">Double</attrtype><attwidth Sync="TRUE">10</attwidth><atprecis Sync="TRUE">10</atprecis><attscale Sync="TRUE">0</attscale></attr><attr><attrlabl Sync="TRUE">FCODE</attrlabl><attalias Sync="TRUE">FCODE</attalias><attrtype Sync="TRUE">String</attrtype><attwidth Sync="TRUE">50</attwidth><atprecis Sync="TRUE">0</atprecis><attscale Sync="TRUE">0</attscale></attr><attr><attrlabl Sync="TRUE">REMARK</attrlabl><attalias Sync="TRUE">REMARK</attalias><attrtype Sync="TRUE">String</attrtype><attwidth Sync="TRUE">250</attwidth><atprecis Sync="TRUE">0</atprecis><attscale Sync="TRUE">0</attscale></attr><attr><attrlabl Sync="TRUE">SRS_ID</attrlabl><attalias Sync="TRUE">SRS_ID</attalias><attrtype Sync="TRUE">String</attrtype><attwidth Sync="TRUE">50</attwidth><atprecis Sync="TRUE">0</atprecis><attscale Sync="TRUE">0</attscale></attr><attr><attrlabl Sync="TRUE">SHAPE_AREA</attrlabl><attalias Sync="TRUE">SHAPE_AREA</attalias><attrtype Sync="TRUE">Double</attrtype><attwidth Sync="TRUE">19</attwidth><atprecis Sync="TRUE">0</atprecis><attscale Sync="TRUE">0</attscale><attrdef Sync="TRUE">Area of feature in internal units squared.</attrdef><attrdefs Sync="TRUE">Esri</attrdefs><attrdomv><udom Sync="TRUE">Positive real numbers that are automatically generated.</udom></attrdomv></attr><attr><attrlabl Sync="TRUE">SHAPE_LEN</attrlabl><attalias Sync="TRUE">SHAPE_LEN</attalias><attrtype Sync="TRUE">Double</attrtype><attwidth Sync="TRUE">19</attwidth><atprecis Sync="TRUE">0</atprecis><attscale Sync="TRUE">0</attscale></attr></detailed></eainfo><mdDateSt Sync="TRUE">20170429</mdDateSt></metadata>
